year,cc,lgdppc,lpop,ltot
1700,BEL,7.692569648067906,7.600902459542082,15.293472107609988
1700,CHN,7.341245975725381,11.835008964139341,19.176254939864723
1700,DEU,7.320652114170407,9.615805480084347,16.936457594254755
1700,ESP,7.154587265878132,9.079092085366229,16.233679351244362
1700,FRA,7.471884838360409,9.974458466406707,17.446343304767115
1700,GBR,7.788211557847076,9.05543941075822,16.843650968605296
1700,IND,7.057897937411856,12.013700752882718,19.071598690294575
1700,ITA,7.811372931744918,9.495519314209846,17.306892245954764
1700,JPN,6.9782137426306985,10.203592144986466,17.181805887617166
1700,NLD,8.124744603918096,7.549609165154532,15.674353769072628
1700,POL,6.892641641172089,8.699514748210191,15.59215638938228
1700,PRT,7.360182594869427,7.600902459542082,14.961085054411509
1700,SWE,7.601901959875166,7.138866999945524,14.74076895982069
1701,BEL,7.692358685323085,7.605407281058043,15.297765966381128
1701,CHN,7.3319717853899045,11.843471844889088,19.17544363027899
1701,DEU,7.366032849903127,9.620030633296206,16.986063483199334
1701,ESP,7.1281648133261255,9.081844960505942,16.210009773832066
1701,FRA,7.482378888129536,9.977586101313022,17.459964989442557
1701,GBR,7.868254265520613,9.063007368945804,16.931261634466416
1701,IND,7.056210839054022,12.015670659366586,19.07188149842061
1701,ITA,7.811372931744918,9.49899206207647,17.310364993821388
1701,JPN,6.978224836177078,10.204743397807139,17.182968233984216
1701,NLD,8.228441027904612,7.551320007711756,15.779761035616367
1701,POL,6.898714534329988,8.704119275019506,15.602833809349494
1701,PRT,7.490324853112968,7.605068007738162,15.095392860851131
1701,SWE,7.622174594817622,7.144816673381659,14.76699126819928
1702,BEL,7.692147722578264,7.609912102574005,15.30205982515227
1702,CHN,7.322697595054427,11.851934725638833,19.17463232069326
1702,DEU,7.386327597434011,9.624255786508064,17.010583383942077
1702,ESP,7.074934029351742,9.084597835645656,16.159531864997398
1702,FRA,7.4434636463645525,9.980713736219338,17.424177382583892
1702,GBR,7.8343923029104365,9.070575327133387,16.904967630043824
1702,IND,7.054523740696188,12.017640565850455,19.072164306546643
1702,ITA,7.811509859964839,9.502464809943094,17.31397466990793
1702,JPN,6.978235929723458,10.205894650627814,17.184130580351272
1702,NLD,8.359590332694781,7.55303085026898,15.912621182963761
1702,POL,6.905753276311464,8.708723801828823,15.614477078140286
1702,PRT,7.442451026746497,7.609233555934243,15.051684582680739
1702,SWE,7.623153068476902,7.150766346817794,14.773919415294696
1703,BEL,7.691936759833444,7.614416924089966,15.30635368392341
1703,CHN,7.31342340471895,11.86039760638858,19.173821011107528
1703,DEU,7.3971322162174395,9.628480939719923,17.025613155937364
1703,ESP,7.069692491126125,9.087350710785369,16.157043201911495
1703,FRA,7.483592998190165,9.983841371125653,17.467434369315818
1703,GBR,7.76004068088038,9.078143285320971,16.83818396620135
1703,IND,7.052836642338353,12.019610472334323,19.072447114672677
1703,ITA,7.81164678818476,9.505937557809716,17.317584345994476
1703,JPN,6.978247023269837,10.207045903448487,17.185292926718326
1703,NLD,8.114398311863951,7.554741692826204,15.669140004690156
1703,POL,6.898714534329988,8.713328328638138,15.612042862968126
1703,PRT,7.3609761111031755,7.613399104130323,14.974375215233499
1703,SWE,7.5443321080536885,7.1567160202539295,14.701048128307619
1704,BEL,7.6917257970886235,7.618921745605927,15.31064754269455
1704,CHN,7.3041492143834725,11.868860487138324,19.173009701521796
1704,DEU,7.391821764087537,9.632706092931782,17.02452785701932
1704,ESP,7.094971854846107,9.090103585925082,16.18507544077119
1704,FRA,7.5537179817208555,9.986969006031968,17.540686987752824
1704,GBR,7.9294865233142895,9.085711243508554,17.015197766822844
1704,IND,7.051149543980519,12.021580378818193,19.07272992279871
1704,ITA,7.811783716404681,9.50941030567634,17.32119402208102
1704,JPN,6.9782581168162165,10.20819715626916,17.186455273085375
1704,NLD,8.183177827258778,7.556452535383428,15.739630362642206
1704,POL,6.889591308354466,8.717932855447453,15.60752416380192
1704,PRT,7.339642963182738,7.617564652326404,14.957207615509141
1704,SWE,7.5480289699350145,7.162665693690064,14.710694663625079
1705,BEL,7.691514834343803,7.623426567121888,15.314941401465692
1705,CHN,7.294875024047996,11.87732336788807,19.172198391936067
1705,DEU,7.401840183802447,9.636931246143641,17.038771429946088
1705,ESP,7.059671986852532,9.092856461064796,16.152528447917327
1705,FRA,7.522283153591617,9.990096640938283,17.5123797945299
1705,GBR,7.874739125171811,9.093279201696138,16.96801832686795
1705,IND,7.049462445622685,12.023550285302061,19.073012730924745
1705,ITA,7.8119206446246015,9.512883053542964,17.324803698167564
1705,JPN,6.978269210362597,10.209348409089833,17.18761761945243
1705,NLD,8.348679607588618,7.5581633779406525,15.90684298552927
1705,POL,6.890609120147166,8.72253738225677,15.613146502403936
1705,PRT,7.4112811046163936,7.621730200522484,15.033011305138878
1705,SWE,7.538494999413465,7.1686153671262,14.707110366539665
1706,BEL,7.691303871598982,7.627931388637849,15.31923526023683
1706,CHN,7.285600833712519,11.885786248637816,19.171387082350336
1706,DEU,7.422091016605378,9.641156399355499,17.063247415960877
1706,ESP,6.99636616625944,9.09560933620451,16.09197550246395
1706,FRA,7.581231135027369,9.9932242758446,17.57445541087197
1706,GBR,7.705262474866325,9.100847159883722,16.806109634750047
1706,IND,7.04777534726485,12.02552019178593,19.07329553905078
1706,ITA,7.812057572844522,9.516355801409588,17.32841337425411
1706,JPN,6.978280303908976,10.210499661910507,17.188779965819485
1706,NLD,8.271971698968713,7.559874220497877,15.83184591946659
1706,POL,6.897704943128636,8.727141909066084,15.62484685219472
1706,PRT,7.4371915215505595,7.625895748718564,15.063087270269124
1706,SWE,7.5411524551363085,7.174565040562335,14.715717495698645
1707,BEL,7.691092908854161,7.63243621015381,15.323529119007972
1707,CHN,7.2763266433770415,11.894249129387562,19.170575772764604
1707,DEU,7.425397184484612,9.645381552567358,17.07077873705197
1707,ESP,6.986640688070039,9.098362211344224,16.085002899414263
1707,FRA,7.600292648122694,9.996351910750915,17.59664455887361
1707,GBR,7.818027938530729,9.108415118071305,16.926443056602032
1707,IND,7.046088248907016,12.027490098269798,19.073578347176813
1707,ITA,7.812194501064443,9.519828549276212,17.332023050340656
1707,JPN,6.978291397455355,10.21165091473118,17.189942312186535
1707,NLD,8.312374471231239,7.561585063055101,15.873959534286339
1707,POL,6.894670039433482,8.7317464358754,15.626416475308881
1707,PRT,7.387449457455506,7.630061296914645,15.01751075437015
1707,SWE,7.520776415062797,7.18051471399847,14.701291129061268
1708,BEL,7.690881946109341,7.636941031669772,15.327822977779114
1708,CHN,7.267052453041565,11.902712010137307,19.169764463178872
1708,DEU,7.416123804253796,9.649606705779217,17.065730510033013
1708,ESP,6.943856354830547,9.101115086483937,16.044971441314484
1708,FRA,7.49374533686126,9.99947954565723,17.49322488251849
1708,GBR,7.877017895622398,9.115983076258889,16.993000971881287
1708,IND,7.044401150549182,12.029460004753666,19.073861155302847
1708,ITA,7.812331429284364,9.523301297142837,17.3356327264272
1708,JPN,6.9783024910017355,10.212802167551853,17.191104658553588
1708,NLD,8.263507734451792,7.563295905612326,15.826803640064117
1708,POL,6.889591308354466,8.736350962684716,15.625942271039182
1708,PRT,7.368799287541171,7.634226845110725,15.003026132651897
1708,SWE,7.4673710669175595,7.186464387434605,14.653835454352166
1709,BEL,7.69067098336452,7.641445853185733,15.332116836550252
1709,CHN,7.257778262706087,11.911174890887054,19.16895315359314
1709,DEU,7.377818242737189,9.653831858991076,17.031650101728264
1709,ESP,6.98406121448168,9.10386796162365,16.08792917610533
1709,FRA,7.171097243854138,10.002607180563546,17.173704424417686
1709,GBR,7.731053144007127,9.123551034446471,16.8546041784536
1709,IND,7.042714052191347,12.031429911237534,19.07414396342888
1709,ITA,7.812468357504285,9.526774045009459,17.339242402513744
1709,JPN,6.978313584548115,10.213953420372528,17.192267004920645
1709,NLD,8.326278670899452,7.56500674816955,15.891285419069002
1709,POL,6.881411303642535,8.74095548949403,15.622366793136566
1709,PRT,7.303015083239139,7.638392393306805,14.941407476545944
1709,SWE,7.508787170634276,7.192414060870741,14.701201231505017
1710,BEL,7.6904600206197,7.645950674701694,15.336410695321394
1710,CHN,7.2485040723706105,11.919637771636799,19.16814184400741
1710,DEU,7.373867235824289,9.658057012202933,17.031924248027224
1710,ESP,6.9499062706557755,9.106620836763364,16.05652710741914
1710,FRA,7.316118884335979,10.00573481546986,17.32185369980584
1710,GBR,7.633369649679584,9.131118992634056,16.76448864231364
1710,IND,7.041026953833513,12.033399817721405,19.07442677155492
1710,ITA,7.812605285724205,9.530246792876083,17.342852078600288
1710,JPN,6.978324678094494,10.215104673193201,17.193429351287694
1710,NLD,8.348046495823247,7.566717590726774,15.914764086550022
1710,POL,6.859614903654202,8.745560016303346,15.605174919957548
1710,PRT,7.209639555945412,7.642557941502886,14.852197497448298
1710,SWE,7.556427969440253,7.198363734306875,14.754791703747127
1711,BEL,7.690249057874879,7.6504554962176545,15.340704554092532
1711,CHN,7.241584462083953,11.928100652386545,19.169685114470497
1711,DEU,7.389291664640837,9.662282165414792,17.05157383005563
1711,ESP,6.953513513715436,9.109373711903077,16.06288722561851
1711,FRA,7.439785161383635,10.008862450376176,17.44864761175981
1711,GBR,7.720905251936779,9.13868695082164,16.85959220275842
1711,IND,7.039339855475679,12.035369724205273,19.074709579680952
1711,ITA,7.812742213944126,9.533719540742707,17.346461754686832
1711,JPN,6.978335771640874,10.216255926013874,17.194591697654747
1711,NLD,8.283296848325765,7.568428433283998,15.851725281609763
1711,POL,6.834108738813838,8.750164543112662,15.5842732819265
1711,PRT,7.144837276359394,7.646723489698966,14.79156076605836
1711,SWE,7.6128310304073565,7.204313407743011,14.817144438150368
1712,BEL,7.690038095130058,7.654960317733616,15.344998412863674
1712,CHN,7.234664851797295,11.93656353313629,19.171228384933585
1712,DEU,7.383078473281519,9.666507318626651,17.04958579190817
1712,ESP,6.987054955357263,9.11212658704279,16.099181542400054
1712,FRA,7.411530737127828,10.011990085282491,17.423520822410318
1712,GBR,7.721791776817535,9.146254909009222,16.86804668582676
1712,IND,7.037652757117844,12.037339630689141,19.074992387806986
1712,ITA,7.812879142164046,9.537192288609331,17.350071430773376
1712,JPN,6.978346865187254,10.217407178834547,17.1957540440218
1712,NLD,8.309965095407927,7.570139275841222,15.88010437124915
1712,POL,6.813444599510896,8.754769069921977,15.568213669432872
1712,PRT,7.227114862495204,7.650889037895047,14.878003900390251
1712,SWE,7.596392304064196,7.210263081179146,14.806655385243342
1713,BEL,7.689827132385238,7.659465139249577,15.349292271634816
1713,CHN,7.227745241510638,11.945026413886037,19.172771655396673
1713,DEU,7.38581509645005,9.670732471838509,17.056547568288558
1713,ESP,6.9757140530433315,9.114879462182504,16.090593515225834
1713,FRA,7.358500449293594,10.015117720188806,17.3736181694824
1713,GBR,7.676473646389156,9.153822867196807,16.830296513585964
1713,IND,7.03596565876001,12.03930953717301,19.07527519593302
1713,ITA,7.813016070383967,9.540665036475955,17.353681106859923
1713,JPN,6.978357958733633,10.218558431655222,17.196916390388854
1713,NLD,8.355826999798271,7.571850118398446,15.927677118196717
1713,POL,6.79794041297493,8.759373596731292,15.557314009706221
1713,PRT,7.327011335005134,7.655054586091127,14.982065921096261
1713,SWE,7.620214770574455,7.216212754615281,14.836427525189736
1714,BEL,7.689616169640417,7.663969960765538,15.353586130405954
1714,CHN,7.22082563122398,11.953489294635782,19.17431492585976
1714,DEU,7.398546955323103,9.674957625050368,17.07350458037347
1714,ESP,7.0258824642100155,9.117632337322217,16.143514801532234
1714,FRA,7.413688585937248,10.018245355095122,17.43193394103237
1714,GBR,7.768110378525988,9.16139082538439,16.929501203910377
1714,IND,7.034278560402176,12.041279443656878,19.075558004059054
1714,ITA,7.813152998603888,9.54413778434258,17.357290782946468
1714,JPN,6.978369052280013,10.219709684475895,17.198078736755907
1714,NLD,8.334657707998298,7.57356096095567,15.908218668953968
1714,POL,6.815639990074331,8.763978123540609,15.57961811361494
1714,PRT,7.371841267421396,7.6592201342872075,15.031061401708603
1714,SWE,7.6004023345004,7.2221624280514165,14.822564762551817
1715,BEL,7.6894052068955965,7.6684747822815,15.357879989177096
1715,CHN,7.213906020937323,11.961952175385528,19.17585819632285
1715,DEU,7.4164846694361675,9.679182778262227,17.095667447698396
1715,ESP,7.016921961602271,9.12038521246193,16.1373071740642
1715,FRA,7.566310197805105,10.021372990001437,17.58768318780654
1715,GBR,7.738052297689316,9.168958783571973,16.907011081261288
1715,IND,7.0325914620443415,12.043249350140746,19.07584081218509
1715,ITA,7.813289926823809,9.547610532209202,17.36090045903301
1715,JPN,6.978380145826392,10.220860937296568,17.19924108312296
1715,NLD,8.240972223920975,7.575271803512894,15.81624402743387
1715,POL,6.833031732786201,8.768582650349924,15.601614383136123
1715,PRT,7.38608332765041,7.663385682483288,15.049469010133699
1715,SWE,7.590852123688581,7.228112101487551,14.818964225176131
1716,BEL,7.689194244150776,7.672979603797461,15.362173847948236
1716,CHN,7.206986410650664,11.970415056135273,19.177401466785938
1716,DEU,7.429815232799836,9.683407931474086,17.113223164273922
1716,ESP,7.044069568537919,9.123138087601644,16.167207656139563
1716,FRA,7.63443016390301,10.024500624907752,17.658930788810764
1716,GBR,7.769378609513984,9.176526741759558,16.94590535127354
1716,IND,7.030904363686507,12.045219256624616,19.076123620311122
1716,ITA,7.81342685504373,9.551083280075826,17.364510135119556
1716,JPN,6.978391239372772,10.222012190117242,17.200403429490013
1716,NLD,8.133416317699714,7.576982646070118,15.710398963769833
1716,POL,6.842683282238422,8.773187177159238,15.61587045939766
1716,PRT,7.39265545594876,7.6675512306793685,15.060206686628128
1716,SWE,7.466799475018602,7.234061774923687,14.700861249942289
1717,BEL,7.688983281405955,7.677484425313422,15.366467706719376
1717,CHN,7.200066800364007,11.97887793688502,19.178944737249026
1717,DEU,7.42543525324557,9.687633084685944,17.113068337931512
1717,ESP,7.049446618408998,9.125890962741357,16.175337581150355
1717,FRA,7.767270729900065,10.027628259814069,17.794898989714135
1717,GBR,7.817222785508166,9.18409469994714,17.001317485455306
1717,IND,7.029217265328673,12.047189163108484,19.076406428437156
1717,ITA,7.813563783263651,9.55455602794245,17.3681198112061
1717,JPN,6.978402332919152,10.223163442937915,17.201565775857066
1717,NLD,8.206065500389776,7.5786934886273425,15.784758989017119
1717,POL,6.854354502255021,8.777791703968555,15.632146206223577
1717,PRT,7.471999663199547,7.6717167788754494,15.143716442074997
1717,SWE,7.374001859350161,7.240011448359822,14.614013307709982
1718,BEL,7.688772318661135,7.681989246829383,15.370761565490518
1718,CHN,7.193147190077349,11.987340817634765,19.180488007712114
1718,DEU,7.435650232823493,9.691858237897803,17.127508470721295
1718,ESP,7.046752453673591,9.12864383788107,16.175396291554662
1718,FRA,7.598726392304531,10.030755894720384,17.629482287024913
1718,GBR,7.8655717576847906,9.191662658134724,17.057234415819515
1718,IND,7.0275301669708385,12.049159069592353,19.07668923656319
1718,ITA,7.8137007114835715,9.558028775809074,17.371729487292647
1718,JPN,6.978413426465531,10.224314695758588,17.20272812222412
1718,NLD,8.236969864252133,7.580404331184567,15.817374195436699
1718,POL,6.859614903654202,8.78239623077787,15.642011134432071
1718,PRT,7.504293704266225,7.6758823270715295,15.180176031337755
1718,SWE,7.267525427828172,7.245961121795957,14.51348654962413
1719,BEL,7.688561355916314,7.686494068345344,15.375055424261658
1719,CHN,7.186227579790692,11.995803698384512,19.182031278175202
1719,DEU,7.427778654803301,9.696083391109662,17.123862045912965
1719,ESP,7.044183198435307,9.131396713020784,16.17557991145609
1719,FRA,7.5836677985478325,10.0338835296267,17.61755132817453
1719,GBR,7.8407064517494,9.199230616322307,17.03993706807171
1719,IND,7.025843068613004,12.051128976076221,19.076972044689224
1719,ITA,7.813837639703492,9.561501523675698,17.37533916337919
1719,JPN,6.97842452001191,10.225465948579263,17.203890468591172
1719,NLD,8.146671872414247,7.582115173741791,15.728787046156038
1719,POL,6.871091294610546,8.787000757587185,15.65809205219773
1719,PRT,7.482110766876113,7.68004787526761,15.162158642143723
1719,SWE,7.428333194190806,7.251910795232092,14.680243989422898
1720,BEL,7.688350393171493,7.690998889861305,15.379349283032798
1720,CHN,7.179307969504034,12.004266579134258,19.18357454863829
1720,DEU,7.4202430058862205,9.700308544321521,17.120551550207743
1720,ESP,7.086395888844752,9.134149588160497,16.22054547700525
1720,FRA,7.527889736185722,10.037011164533014,17.564900900718737
1720,GBR,7.906547232368036,9.206798574509891,17.113345806877927
1720,IND,7.02415597025517,12.05309888256009,19.07725485281526
1720,ITA,7.813974567923413,9.56497427154232,17.378948839465735
1720,JPN,6.978435613558291,10.226617201399936,17.205052814958226
1720,NLD,8.16509142617947,7.583826016299015,15.748917442478486
1720,POL,6.878326468291325,8.791605284396502,15.669931752687827
1720,PRT,7.522842384459985,7.6842134234636905,15.207055807923677
1720,SWE,7.560601162768557,7.257860468668227,14.818461631436783
1721,BEL,7.688139430426673,7.695503711377267,15.38364314180394
1721,CHN,7.150670734075976,12.012729459884003,19.16340019395998
1721,DEU,7.45039239292802,9.704533697533378,17.154926090461398
1721,ESP,7.026182472867455,9.136902463300212,16.163084936167667
1721,FRA,7.628422073449209,10.04013879943933,17.668560872888538
1721,GBR,7.8674885686991285,9.214366532697476,17.081855101396606
1721,IND,7.022468871897336,12.055068789043958,19.077537660941292
1721,ITA,7.814111496143334,9.568447019408945,17.38255851555228
1721,JPN,6.97844670710467,10.227768454220609,17.20621516132528
1721,NLD,8.13420093916013,7.585536858856239,15.71973779801637
1721,POL,6.887552571664617,8.796209811205816,15.683762382870434
1721,PRT,7.481333303146942,7.688378971659771,15.169712274806713
1721,SWE,7.5953872788539725,7.263810142104362,14.859197420958335
1722,BEL,7.687928467681852,7.700008532893228,15.387937000575079
1722,CHN,7.122033498647918,12.02119234063375,19.14322583928167
1722,DEU,7.465150042444635,9.708758850745237,17.17390889318987
1722,ESP,7.05633774386167,9.139655338439924,16.195993082301595
1722,FRA,7.526513976848132,10.043266434345645,17.569780411193776
1722,GBR,7.877017895622398,9.221934490885058,17.098952386507456
1722,IND,7.020781773539501,12.057038695527826,19.077820469067326
1722,ITA,7.814248424363255,9.571919767275569,17.386168191638824
1722,JPN,6.9743490587098265,10.228919707041282,17.20326876575111
1722,NLD,8.130796457673588,7.587247701413463,15.71804415908705
1722,POL,6.902742737158593,8.800814338015133,15.703557075173727
1722,PRT,7.423212370585893,7.692544519855851,15.115756890441745
1722,SWE,7.43307534889858,7.269759815540498,14.702835164439078
1723,BEL,7.687717504937032,7.704513354409189,15.39223085934622
1723,CHN,7.09339626321986,12.029655221383495,19.123051484603355
1723,DEU,7.467832073207313,9.712984003957096,17.18081607716441
1723,ESP,7.062064517728485,9.142408213579637,16.204472731308122
1723,FRA,7.491639465282299,10.04639406925196,17.538033534534257
1723,GBR,7.848933726364071,9.229502449072642,17.078436175436714
1723,IND,7.019094675181667,12.059008602011696,19.078103277193364
1723,ITA,7.814385352583176,9.575392515142193,17.389777867725368
1723,JPN,6.970251410314982,10.230070959861957,17.200322370176938
1723,NLD,8.171660424030748,7.588958543970688,15.760618968001435
1723,POL,6.913737350659685,8.805418864824448,15.719156215484134
1723,PRT,7.5181241451101135,7.696710068051932,15.214834213162046
1723,SWE,7.341483852363161,7.2757094889766325,14.617193341339792
1724,BEL,7.687506542192211,7.70901817592515,15.396524718117362
1724,CHN,7.064759027791802,12.038118102133241,19.102877129925044
1724,DEU,7.455883226870408,9.717209157168954,17.17309238403936
1724,ESP,7.048886052608841,9.145161088719352,16.19404714132819
1724,FRA,7.449475768719632,10.049521704158275,17.498997472877907
1724,GBR,7.8351837552667485,9.237070407260225,17.072254162526974
1724,IND,7.017407576823833,12.060978508495564,19.078386085319398
1724,ITA,7.8145222808030965,9.578865263008817,17.39338754381191
1724,JPN,6.966153761920139,10.23122221268263,17.197375974602767
1724,NLD,8.186408847840225,7.590669386527912,15.777078234368137
1724,POL,6.922643891475888,8.810023391633763,15.73266728310965
1724,PRT,7.504652709162408,7.700875616248012,15.20552832541042
1724,SWE,7.355641102974253,7.281659162412768,14.637300265387022
1725,BEL,7.68729557944739,7.713522997441111,15.4008185768885
1725,CHN,7.073635223904057,12.046580982882986,19.120216206787042
1725,DEU,7.4423963139320986,9.721434310380813,17.16383062431291
1725,ESP,7.097138063555987,9.147913963859065,16.245052027415053
1725,FRA,7.480204273932195,10.05264933906459,17.532853612996785
1725,GBR,7.85748078694253,9.244638365447809,17.102119152390337
1725,IND,7.015720478465998,12.062948414979433,19.078668893445432
1725,ITA,7.814659209023017,9.582338010875441,17.39699721989846
1725,JPN,6.9620561135252945,10.232373465503303,17.194429579028597
1725,NLD,8.221756830184452,7.592380229085136,15.814137059269587
1725,POL,6.913737350659685,8.81462791844308,15.728365269102763
1725,PRT,7.589694011087515,7.705041164444093,15.294735175531606
1725,SWE,7.344719054149673,7.2876088358489035,14.632327889998576
1726,BEL,7.6870846167025695,7.718027818957072,15.405112435659643
1726,CHN,7.082511420016313,12.055043863632733,19.137555283649046
1726,DEU,7.427259469178423,9.725659463592672,17.152918932771094
1726,ESP,7.093160405343116,9.150666838998777,16.243827244341894
1726,FRA,7.469219085926425,10.055776973970906,17.52499605989733
1726,GBR,7.817222785508166,9.252206323635393,17.06942910914356
1726,IND,7.014033380108164,12.064918321463301,19.078951701571466
1726,ITA,7.814796137242938,9.585810758742063,17.400606895985
1726,JPN,6.957958465130451,10.233524718323977,17.19148318345443
1726,NLD,8.247296170514867,7.59409107164236,15.841387242157227
1726,POL,6.911747300251674,8.819232445252394,15.730979745504069
1726,PRT,7.571105932669314,7.709206712640173,15.280312645309486
1726,SWE,7.274479558773871,7.293558509285038,14.56803806805891
1727,BEL,7.686873653957749,7.722532640473034,15.409406294430783
1727,CHN,7.091387616128568,12.063506744382478,19.154894360511044
1727,DEU,7.428382859700473,9.729884616804531,17.158267476505003
1727,ESP,7.105262944655758,9.153419714138492,16.25868265879425
1727,FRA,7.538951188258235,10.05890460887722,17.597855797135455
1727,GBR,7.805882040228621,9.259774281822976,17.065656322051595
1727,IND,7.01234628175033,12.06688822794717,19.0792345096975
1727,ITA,7.814933065462858,9.589283506608687,17.404216572071547
1727,JPN,6.953860816735608,10.23467597114465,17.18853678788026
1727,NLD,8.232714538681995,7.595801914199584,15.82851645288158
1727,POL,6.903747257584598,8.82383697206171,15.727584229646308
1727,PRT,7.462538660145105,7.713372260836253,15.175910920981359
1727,SWE,7.355001921105257,7.299508182721174,14.65451010382643
1728,BEL,7.686662691212929,7.727037461988995,15.413700153201923
1728,CHN,7.100263812240823,12.071969625132224,19.17223343737305
1728,DEU,7.448149460487453,9.734109770016389,17.182259230503842
1728,ESP,7.054864915442964,9.156172589278205,16.21103750472117
1728,FRA,7.547567975071069,10.062032243783538,17.609600218854606
1728,GBR,7.845416036592485,9.26734224001056,17.112758276603046
1728,IND,7.010659183392495,12.068858134431037,19.079517317823534
1728,ITA,7.815069993682779,9.592756254475312,17.40782624815809
1728,JPN,6.9497631683407635,10.235827223965323,17.185590392306086
1728,NLD,8.236497943526054,7.597512756756808,15.834010700282862
1728,POL,6.890609120147166,8.828441498871026,15.719050619018192
1728,PRT,7.5396051288777794,7.717537809032334,15.257142937910114
1728,SWE,7.498869733976931,7.305457856157309,14.804327590134239
1729,BEL,7.686451728468108,7.731542283504956,15.417994011973065
1729,CHN,7.109140008353078,12.08043250588197,19.189572514235046
1729,DEU,7.455361731340033,9.738334923228248,17.19369665456828
1729,ESP,7.068939710273569,9.158925464417917,16.227865174691487
1729,FRA,7.54541202688706,10.065159878689853,17.61057190557691
1729,GBR,7.804659297056102,9.274910198198143,17.079569495254244
1729,IND,7.008972085034661,12.070828040914908,19.079800125949568
1729,ITA,7.8152069219027,9.596229002341936,17.411435924244635
1729,JPN,6.94566551994592,10.236978476785996,17.182643996731915
1729,NLD,8.284197343659017,7.5992235993140325,15.88342094297305
1729,POL,6.884486652042782,8.833046025680341,15.717532677723124
1729,PRT,7.574850950531676,7.721703357228414,15.29655430776009
1729,SWE,7.532088143541722,7.311407529593444,14.843495673135166
1730,BEL,7.686240765723287,7.7360471050209165,15.422287870744203
1730,CHN,7.1180162044653335,12.088895386631716,19.20691159109705
1730,DEU,7.471978539876478,9.742560076440107,17.214538616316585
1730,ESP,7.152581866788404,9.161678339557632,16.314260206346034
1730,FRA,7.541729903376481,10.068287513596168,17.61001741697265
1730,GBR,7.839131648274333,9.282478156385727,17.12160980466006
1730,IND,7.007284986676827,12.072797947398776,19.0800829340756
1730,ITA,7.815343850122621,9.59970175020856,17.41504560033118
1730,JPN,6.941567871551077,10.238129729606671,17.17969760115775
1730,NLD,8.214303976838814,7.6009344418712566,15.81523841871007
1730,POL,6.878326468291325,8.837650552489656,15.715977020780981
1730,PRT,7.593235731588832,7.725868905424495,15.319104637013327
1730,SWE,7.488293515159428,7.317357203029579,14.805650718189007
1731,BEL,7.686029802978466,7.740551926536878,15.426581729515345
1731,CHN,7.111659549832094,12.09735826738146,19.209017817213557
1731,DEU,7.459287127465867,9.746785229651964,17.206072357117833
1731,ESP,7.13631929843213,9.164431214697345,16.300750513129476
1731,FRA,7.548661874937058,10.071415148502483,17.620077023439542
1731,GBR,7.823645930834952,9.290046114573311,17.113692045408264
1731,IND,7.005597888318992,12.074767853882644,19.080365742201636
1731,ITA,7.8154807783425415,9.603174498075184,17.418655276417724
1731,JPN,6.937470223156232,10.239280982427344,17.176751205583578
1731,NLD,8.165851593452867,7.602645284428481,15.768496877881347
1731,POL,6.86484777797086,8.842255079298972,15.707102857269833
1731,PRT,7.577948860927732,7.730034453620575,15.307983314548306
1731,SWE,7.462789157412448,7.323306876465714,14.786096033878163
1732,BEL,7.685818840233646,7.745056748052839,15.430875588286485
1732,CHN,7.105302895198855,12.105821148131207,19.211124043330063
1732,DEU,7.468828869456049,9.751010382863823,17.219839252319872
1732,ESP,7.129343827762104,9.167184089837058,16.29652791759916
1732,FRA,7.579176094343807,10.074542783408798,17.653718877752606
1732,GBR,7.8838232148921525,9.297614072760894,17.181437287653047
1732,IND,7.003910789961158,12.076737760366512,19.08064855032767
1732,ITA,7.815617706562462,9.606647245941806,17.422264952504268
1732,JPN,6.933372574761389,10.240432235248017,17.173804810009408
1732,NLD,8.172163948714095,7.604356126985705,15.7765200756998
1732,POL,6.859614903654202,8.846859606108287,15.70647450976249
1732,PRT,7.639436788672111,7.734200001816655,15.373636790488765
1732,SWE,7.45182223652793,7.329256549901849,14.781078786429779
1733,BEL,7.685607877488826,7.7495615695688,15.435169447057625
1733,CHN,7.098946240565615,12.114284028880952,19.21323026944657
1733,DEU,7.479726159734399,9.755235536075682,17.23496169581008
1733,ESP,7.100338841360678,9.169936964976772,16.27027580633745
1733,FRA,7.603926672012912,10.077670418315114,17.681597090328026
1733,GBR,7.900636613018005,9.305182030948478,17.20581864396648
1733,IND,7.002223691603324,12.07870766685038,19.080931358453704
1733,ITA,7.815754634782383,9.61011999380843,17.42587462859081
1733,JPN,6.929274926366545,10.241583488068692,17.170858414435237
1733,NLD,8.16711725619618,7.606066969542929,15.773184225739108
1733,POL,6.859614903654202,8.851464132917602,15.711079036571803
1733,PRT,7.598491308734079,7.738365550012736,15.336856858746815
1733,SWE,7.424761761823209,7.335206223337985,14.759967985161193
1734,BEL,7.685396914744005,7.754066391084762,15.439463305828767
1734,CHN,7.092589585932376,12.122746909630699,19.215336495563076
1734,DEU,7.4687890861375585,9.759460689287542,17.2282497754251
1734,ESP,7.052289028779679,9.172689840116485,16.224978868896166
1734,FRA,7.574397611974124,10.080798053221429,17.655195665195553
1734,GBR,7.8868329989550565,9.31274998913606,17.199582988091116
1734,IND,7.0005365932454895,12.080677573334249,19.081214166579738
1734,ITA,7.815891563002304,9.613592741675054,17.42948430467736
1734,JPN,6.925177277971701,10.242734740889365,17.167912018861067
1734,NLD,8.200698324783035,7.607777812100153,15.808476136883188
1734,POL,6.862757913051401,8.856068659726919,15.718826572778319
1734,PRT,7.66753852102138,7.742531098208816,15.410069619230196
1734,SWE,7.43955930913332,7.3411558967741195,14.78071520590744
1735,BEL,7.685185951999184,7.758571212600723,15.443757164599907
1735,CHN,7.086232931299136,12.131209790380444,19.217442721679582
1735,DEU,7.460129409285015,9.763685842499399,17.223815251784416
1735,ESP,7.097124631873197,9.1754427152562,16.272567347129396
1735,FRA,7.548493016530453,10.083925688127744,17.632418704658196
1735,GBR,7.853993087224244,9.320317947323645,17.174311034547888
1735,IND,6.998849494887655,12.08264747981812,19.081496974705775
1735,ITA,7.816028491222225,9.617065489541679,17.433093980763903
1735,JPN,6.921079629576858,10.243885993710037,17.164965623286896
1735,NLD,8.19947448421907,7.609488654657377,15.808963138876447
1735,POL,6.86171134048073,8.860673186536234,15.722384527016963
1735,PRT,7.60708477833832,7.746696646404896,15.353781424743216
1735,SWE,7.403670290012373,7.347105570210255,14.750775860222628
1736,BEL,7.684974989254363,7.763076034116684,15.448051023371047
1736,CHN,7.079876276665898,12.13967267113019,19.21954894779609
1736,DEU,7.445498861399844,9.767910995711258,17.213409857111102
1736,ESP,7.089092887028338,9.178195590395912,16.267288477424252
1736,FRA,7.531908427083239,10.087053323034059,17.618961750117297
1736,GBR,7.917536353943631,9.327885905511229,17.24542225945486
1736,IND,6.997162396529821,12.084617386301987,19.08177978283181
1736,ITA,7.816165419442146,9.620538237408303,17.436703656850447
1736,JPN,6.916981981182014,10.24503724653071,17.162019227712726
1736,NLD,8.162553353750999,7.611199497214601,15.7737528509656
1736,POL,6.853299093186078,8.865277713345549,15.718576806531626
1736,PRT,7.572610299337872,7.750862194600977,15.323472493938848
1736,SWE,7.399398083331354,7.35305524364639,14.752453326977744
1737,BEL,7.6847640265095425,7.767580855632645,15.452344882142189
1737,CHN,7.073519622032658,12.148135551879935,19.221655173912595
1737,DEU,7.428939372808331,9.772136148923117,17.201075521731447
1737,ESP,7.071083960625189,9.180948465535625,16.252032426160813
1737,FRA,7.530546150205142,10.090180957940374,17.620727108145516
1737,GBR,7.856319571406588,9.335453863698811,17.1917734351054
1737,IND,6.9954752981719865,12.086587292785856,19.082062590957843
1737,ITA,7.8163023476620666,9.624010985274927,17.440313332936995
1737,JPN,6.91288433278717,10.246188499351385,17.159072832138555
1737,NLD,8.150022822836881,7.612910339771825,15.762933162608707
1737,POL,6.84587987526405,8.869882240154865,15.715762115418915
1737,PRT,7.662369982264775,7.755027742797057,15.417397725061832
1737,SWE,7.465655310134056,7.359004917082525,14.824660227216581
1738,BEL,7.684553063764723,7.772085677148606,15.456638740913329
1738,CHN,7.067162967399419,12.156598432629682,19.2237614000291
1738,DEU,7.442377993512358,9.776361302134976,17.218739295647335
1738,ESP,7.138964956533042,9.18370134067534,16.322666297208382
1738,FRA,7.51666036608681,10.09330859284669,17.6099689589335
1738,GBR,7.870547844507712,9.343021821886396,17.213569666394108
1738,IND,6.993788199814152,12.088557199269724,19.082345399083877
1738,ITA,7.816439275881987,9.627483733141549,17.443923009023536
1738,JPN,6.908786684392327,10.247339752172058,17.156126436564385
1738,NLD,8.157713196549896,7.61462118232905,15.772334378878945
1738,POL,6.844815479208263,8.87448676696418,15.719302246172443
1738,PRT,7.624256401605438,7.759193290993138,15.383449692598575
1738,SWE,7.485491608030754,7.364954590518661,14.850446198549415
1739,BEL,7.684342101019902,7.776590498664567,15.460932599684469
1739,CHN,7.0608063127661795,12.165061313379427,19.225867626145607
1739,DEU,7.4445830157905135,9.780586455346834,17.22516947113735
1739,ESP,7.090176080968058,9.186454215815052,16.27663029678311
1739,FRA,7.476578047624435,10.096436227753006,17.573014275377442
1739,GBR,7.857093864902493,9.350589780073978,17.20768364497647
1739,IND,6.992101101456318,12.090527105753592,19.08262820720991
1739,ITA,7.816576204101908,9.630956481008173,17.447532685110083
1739,JPN,6.904689035997483,10.248491004992731,17.153180040990215
1739,NLD,8.158223791403982,7.616332024886274,15.774555816290256
1739,POL,6.839476438228843,8.879091293773495,15.718567732002338
1739,PRT,7.520771209256994,7.763358839189218,15.284130048446212
1739,SWE,7.362010551259734,7.370904263954795,14.732914815214528
1740,BEL,7.684131138275081,7.781095320180529,15.46522645845561
1740,CHN,7.05444965813294,12.173524194129174,19.227973852262114
1740,DEU,7.4105541649713675,9.784811608558693,17.19536577353006
1740,ESP,7.075746778108599,9.189207090954765,16.264953869063365
1740,FRA,7.419045515792415,10.099563862659322,17.518609378451735
1740,GBR,7.8343923029104365,9.358157738261562,17.192550041171998
1740,IND,6.990414003098484,12.09249701223746,19.082911015335945
1740,ITA,7.816713132321829,9.634429228874797,17.451142361196627
1740,JPN,6.900591387602639,10.249642257813406,17.150233645416044
1740,NLD,8.150537358479825,7.618042867443498,15.768580225923323
1740,POL,6.836259277277067,8.883695820582812,15.719955097859879
1740,PRT,7.544020393901805,7.767524387385298,15.311544781287104
1740,SWE,7.313220387090301,7.376853937390931,14.690074324481232
1741,BEL,7.68392017553026,7.78560014169649,15.469520317226749
1741,CHN,7.045724966082202,12.18198707487892,19.227712040961123
1741,DEU,7.39401069622018,9.789036761770552,17.18304745799073
1741,ESP,7.1777842408142245,9.19195996609448,16.369744206908706
1741,FRA,7.403128487591822,10.102691497565637,17.50581998515746
1741,GBR,7.861341795599989,9.365725696449147,17.227067492049137
1741,IND,6.988726904740649,12.094466918721329,19.08319382346198
1741,ITA,7.81685006054175,9.637901976741421,17.45475203728317
1741,JPN,6.896493739207795,10.250793510634079,17.147287249841874
1741,NLD,8.143568689163732,7.619753710000722,15.763322399164455
1741,POL,6.836259277277067,8.888300347392127,15.724559624669194
1741,PRT,7.600991117911813,7.771689935581379,15.372681053493192
1741,SWE,7.277247726631484,7.382803610827066,14.660051337458551
1742,BEL,7.683709212785439,7.790104963212451,15.47381417599789
1742,CHN,7.037000274031463,12.190449955628665,19.22745022966013
1742,DEU,7.419203238402447,9.79326191498241,17.212465153384855
1742,ESP,7.244070073401608,9.194712841234193,16.4387829146358
1742,FRA,7.489703087676746,10.105819132471952,17.5955222201487
1742,GBR,7.894690850425624,9.37329365463673,17.26798450506235
1742,IND,6.987039806382815,12.096436825205199,19.083476631588013
1742,ITA,7.816986988761671,9.641374724608045,17.458361713369715
1742,JPN,6.892396090812952,10.251944763454752,17.144340854267703
1742,NLD,8.20265335961884,7.6214645525579465,15.824117912176785
1742,POL,6.853299093186078,8.892904874201442,15.746203967387519
1742,PRT,7.704514390196201,7.775855483777459,15.480369873973661
1742,SWE,7.29505641646263,7.388753284263201,14.683809700725831
1743,BEL,7.6834982500406195,7.794609784728412,15.478108034769033
1743,CHN,7.028275581980726,12.198912836378412,19.227188418359138
1743,DEU,7.446037383791935,9.797487068194268,17.243524451986204
1743,ESP,7.189685863864227,9.197465716373905,16.387151580238132
1743,FRA,7.5881509258129975,10.108946767378267,17.697097693191264
1743,GBR,7.8713112033234065,9.380861612824313,17.25217281614772
1743,IND,6.985352708024981,12.098406731689067,19.083759439714047
1743,ITA,7.817123916981591,9.644847472474668,17.46197138945626
1743,JPN,6.888298442418108,10.253096016275427,17.141394458693533
1743,NLD,8.216473436530249,7.623175395115171,15.83964883164542
1743,POL,6.906754778648554,8.897509401010758,15.804264179659313
1743,PRT,7.605702172977966,7.78002103197354,15.385723204951507
1743,SWE,7.286191714702382,7.394702957699336,14.680894672401719
1744,BEL,7.683287287295799,7.799114606244373,15.482401893540171
1744,CHN,7.019550889929987,12.207375717128157,19.226926607058143
1744,DEU,7.453755257176098,9.801712221406127,17.255467478582226
1744,ESP,7.169465026768969,9.20021859151362,16.36968361828259
1744,FRA,7.623145694648833,10.112074402284582,17.735220096933414
1744,GBR,7.84971375760487,9.388429571011896,17.238143328616765
1744,IND,6.983665609667146,12.100376638172936,19.08404224784008
1744,ITA,7.8172608452015115,9.648320220341292,17.465581065542803
1744,JPN,6.884200794023264,10.2542472690961,17.138448063119363
1744,NLD,8.326710077290956,7.624886237672395,15.95159631496335
1744,POL,6.914730892718563,8.902113927820073,15.816844820538636
1744,PRT,7.586849724194735,7.78418658016962,15.371036304364356
1744,SWE,7.370860166536716,7.400652631135472,14.771512797672187
1745,BEL,7.683076324550978,7.803619427760334,15.486695752311313
1745,CHN,7.010826197879249,12.215838597877903,19.226664795757152
1745,DEU,7.460103771368562,9.805937374617987,17.26604114598655
1745,ESP,7.13714327732268,9.202971466653333,16.340114743976013
1745,FRA,7.562711205776831,10.115202037190897,17.67791324296773
1745,GBR,7.854381210652365,9.39599752919948,17.250378739851847
1745,IND,6.981978511309312,12.102346544656804,19.084325055966115
1745,ITA,7.817397773421432,9.651792968207916,17.469190741629347
1745,JPN,6.8801031456284205,10.255398521916772,17.135501667545192
1745,NLD,8.189134657977968,7.626597080229619,15.815731738207587
1745,POL,6.922643891475888,8.906718454629388,15.829362346105276
1745,PRT,7.617461595615055,7.7883521283657,15.405813723980755
1745,SWE,7.280697195384741,7.4066023045716065,14.687299499956348
1746,BEL,7.682865361806157,7.808124249276296,15.490989611082453
1746,CHN,7.00210150582851,12.224301478627648,19.226402984456158
1746,DEU,7.431716891550079,9.810162527829844,17.241879419379924
1746,ESP,7.155564711137951,9.205724341793045,16.361289052930996
1746,FRA,7.526485561375421,10.118329672097213,17.644815233472634
1746,GBR,7.878912912297133,9.403565487387064,17.282478399684198
1746,IND,6.980291412951478,12.104316451140672,19.08460786409215
1746,ITA,7.817534701641353,9.65526571607454,17.472800417715895
1746,JPN,6.876005497233577,10.256549774737445,17.13255527197102
1746,NLD,8.288239567891972,7.628307922786843,15.916547490678816
1746,POL,6.930494765951626,8.911322981438705,15.84181774739033
1746,PRT,7.615125527075429,7.792517676561781,15.40764320363721
1746,SWE,7.256297239690681,7.412551978007742,14.668849217698423
1747,BEL,7.682654399061336,7.812629070792257,15.495283469853593
1747,CHN,6.993376813777772,12.232764359377395,19.226141173155167
1747,DEU,7.450168939286981,9.814387681041703,17.264556620328683
1747,ESP,7.110320108237541,9.20847721693276,16.3187973251703
1747,FRA,7.494634491908566,10.121457307003528,17.616091798912095
1747,GBR,7.919356190660617,9.411133445574647,17.330489636235264
1747,IND,6.978604314593643,12.10628635762454,19.084890672218183
1747,ITA,7.817671629861274,9.658738463941164,17.47641009380244
1747,JPN,6.871907848838733,10.25770102755812,17.12960887639685
1747,NLD,8.424428787979494,7.630018765344067,16.054447553323563
1747,POL,6.946013991099227,8.91592750824802,15.861941499347246
1747,PRT,7.641496086474045,7.796683224757861,15.438179311231906
1747,SWE,7.265429723253953,7.418501651443877,14.68393137469783
1748,BEL,7.682443436316516,7.817133892308218,15.499577328624735
1748,CHN,6.984652121727034,12.24122724012714,19.225879361854176
1748,DEU,7.455397607244465,9.818612834253562,17.274010441498028
1748,ESP,7.160177340685724,9.211230092072473,16.371407432758197
1748,FRA,7.436597653552795,10.124584941909843,17.56118259546264
1748,GBR,7.905810312658931,9.418701403762231,17.324511716421163
1748,IND,6.976917216235809,12.10825626410841,19.08517348034422
1748,ITA,7.817808558081195,9.662211211807788,17.480019769888983
1748,JPN,6.8678102004438895,10.258852280378793,17.12666248082268
1748,NLD,8.387778599604873,7.631729607901291,16.019508207506163
1748,POL,6.960347729101308,8.920532035057334,15.880879764158642
1748,PRT,7.609775299428364,7.800848772953941,15.410624072382305
1748,SWE,7.223295679562314,7.424451324880012,14.647747004442326
1749,BEL,7.682232473571696,7.821638713824179,15.503871187395875
1749,CHN,6.975927429676296,12.249690120876886,19.22561755055318
1749,DEU,7.4606338348487755,9.822837987465421,17.283471822314198
1749,ESP,7.125569133051807,9.213982967212187,16.339552100263994
1749,FRA,7.441119665304546,10.127712576816158,17.568832242120706
1749,GBR,7.893945138235959,9.426269361949814,17.320214500185774
1749,IND,6.975230117877975,12.110226170592279,19.085456288470255
1749,ITA,7.817945486301116,9.66568395967441,17.483629445975527
1749,JPN,6.863712552049045,10.260003533199466,17.12371608524851
1749,NLD,8.254508019848597,7.633440450458515,15.887948470307112
1749,POL,6.970730078143525,8.925136561866651,15.895866640010176
1749,PRT,7.615235373077556,7.805014321150022,15.420249694227579
1749,SWE,7.275172319452771,7.430400998316148,14.70557331776892
1750,BEL,7.682021510826875,7.82614353534014,15.508165046167015
1750,CHN,6.967202737625557,12.258153001626631,19.225355739252187
1750,DEU,7.474169708238659,9.827063140677279,17.301232848915937
1750,ESP,7.166864789445449,9.2167358423519,16.38360063179735
1750,FRA,7.463648817247325,10.130840211722475,17.5944890289698
1750,GBR,7.9017475185201445,9.433837320137398,17.335584838657542
1750,IND,6.97354301952014,12.112196077076147,19.08573909659629
1750,ITA,7.818082414521037,9.669156707541035,17.48723912206207
1750,JPN,6.859614903654202,10.26115478602014,17.120769689674344
1750,NLD,8.23673393172774,7.635151293015739,15.87188522474348
1750,POL,6.983789965258135,8.929741088675966,15.9135310539341
1750,PRT,7.689118782946804,7.809179869346102,15.498298652292906
1750,SWE,7.348587530927593,7.436350671752282,14.784938202679875
1751,BEL,7.68336905228285,7.830648356856101,15.514017409138951
1751,CHN,6.963434140939366,12.266615882376378,19.230050023315744
1751,DEU,7.487440043959406,9.831288293889138,17.318728337848544
1751,ESP,7.156119767298895,9.219488717491613,16.375608484790508
1751,FRA,7.469000134405992,10.13396784662879,17.602967981034784
1751,GBR,7.87359778968554,9.441405278324982,17.315003068010522
1751,IND,6.97288967539464,12.114165983560016,19.087055658954654
1751,ITA,7.818219342740957,9.672629455407659,17.490848798148615
1751,JPN,6.866084839615984,10.262306038840814,17.1283908784568
1751,NLD,8.305569483934889,7.636862135572963,15.942431619507852
1751,POL,6.9985096422506015,8.934345615485281,15.932855257735882
1751,PRT,7.677454292812471,7.813345417542183,15.490799710354654
1751,SWE,7.317212408359839,7.442300345188418,14.759512753548258
1752,BEL,7.684716593738824,7.835153178372062,15.519869772110887
1752,CHN,6.959665544253176,12.275078763126123,19.234744307379298
1752,DEU,7.488189616000056,9.835513447100997,17.323703063101053
1752,ESP,7.246967173765468,9.222241592631327,16.469208766396797
1752,FRA,7.454239591764288,10.137095481535106,17.591335073299394
1752,GBR,7.914983005848394,9.448973236512565,17.36395624236096
1752,IND,6.972236331269141,12.116135890043884,19.088372221313023
1752,ITA,7.818456734252065,9.676102203274283,17.49455893752635
1752,JPN,6.872554775577765,10.263457291661487,17.13601206723925
1752,NLD,8.264885145137887,7.638572978130187,15.903458123268074
1752,POL,7.007600613951853,8.938950142294598,15.94655075624645
1752,PRT,7.700537214988546,7.817510965738263,15.518048180726808
1752,SWE,7.3098814858247865,7.448250018624552,14.758131504449338
1753,BEL,7.686064135194799,7.839657999888024,15.525722135082823
1753,CHN,6.955896947566985,12.28354164387587,19.239438591442855
1753,DEU,7.482947043817591,9.839738600312854,17.322685644130445
1753,ESP,7.114466122461076,9.22499446777104,16.339460590232115
1753,FRA,7.566404896384476,10.14022311644142,17.706628012825895
1753,GBR,7.916807490937603,9.456541194700149,17.37334868563775
1753,IND,6.97158298714364,12.118105796527752,19.08968878367139
1753,ITA,7.818694125763173,9.679574951140907,17.49826907690408
1753,JPN,6.879024711539547,10.26460854448216,17.143633256021708
1753,NLD,8.346990417997773,7.640283820687412,15.987274238685185
1753,POL,7.01301578963963,8.943554669103913,15.956570458743542
1753,PRT,7.691659533446142,7.821676513934343,15.513336047380484
1753,SWE,7.333023014386481,7.454199692060688,14.787222706447169
1754,BEL,7.6874116766507745,7.844162821403985,15.53157449805476
1754,CHN,6.952128350880795,12.292004524625614,19.24413287550641
1754,DEU,7.47429802340363,9.843963753524713,17.318261776928345
1754,ESP,7.234370568747081,9.227747342910753,16.462117911657835
1754,FRA,7.50610250028457,10.143350751347736,17.649453251632305
1754,GBR,7.881559917056899,9.464109152887731,17.34566906994463
1754,IND,6.97092964301814,12.120075703011622,19.09100534602976
1754,ITA,7.81893151727428,9.683047699007531,17.50197921628181
1754,JPN,6.885494647501328,10.265759797302834,17.151254444804163
1754,NLD,8.306009915565,7.6419946632446365,15.948004578809636
1754,POL,6.975413927455952,8.948159195913227,15.923573123369179
1754,PRT,7.6808293453185215,7.825842062130424,15.506671407448945
1754,SWE,7.3277805384216315,7.460149365496823,14.787929903918455
1755,BEL,7.688759218106749,7.848667642919946,15.537426861026695
1755,CHN,6.948359754194604,12.300467405375361,19.248827159569963
1755,DEU,7.478872796620758,9.848188906736572,17.32706170335733
1755,ESP,7.228221280579411,9.230500218050468,16.458721498629878
1755,FRA,7.570920668437395,10.146478386254051,17.717399054691448
1755,GBR,7.904703913873747,9.471677111075316,17.376381024949062
1755,IND,6.9702762988926406,12.12204560949549,19.09232190838813
1755,ITA,7.819168908785388,9.686520446874153,17.50568935565954
1755,JPN,6.89196458346311,10.266911050123507,17.158875633586618
1755,NLD,8.274019714248215,7.643705505801861,15.917725220050077
1755,POL,6.975413927455952,8.952763722722544,15.928177650178496
1755,PRT,7.683829286831334,7.830007610326504,15.513836897157837
1755,SWE,7.282073658093465,7.466099038932958,14.748172697026423
1756,BEL,7.690106759562724,7.853172464435907,15.543279223998631
1756,CHN,6.9445911575084125,12.308930286125106,19.253521443633517
1756,DEU,7.457591775108941,9.852414059948432,17.310005835057375
1756,ESP,7.2316299846854,9.23325309319018,16.46488307787558
1756,FRA,7.58667000874109,10.149606021160366,17.736276029901457
1756,GBR,7.879669914604289,9.4792450692629,17.358914983867187
1756,IND,6.96962295476714,12.124015515979359,19.093638470746498
1756,ITA,7.819406300296496,9.689993194740778,17.509399495037272
1756,JPN,6.8984345194248915,10.26806230294418,17.166496822369073
1756,NLD,8.182679819280358,7.645416348359085,15.828096167639442
1756,POL,6.960347729101308,8.957368249531859,15.917715978633167
1756,PRT,7.60609025647579,7.834173158522584,15.440263414998373
1756,SWE,7.234898420314831,7.4720487123690935,14.706947132683926
1757,BEL,7.691454301018699,7.857677285951868,15.549131586970567
1757,CHN,6.940822560822222,12.317393166874853,19.258215727697074
1757,DEU,7.44299870318639,9.856639213160289,17.29963791634668
1757,ESP,7.276115204436902,9.236005968329893,16.512121172766797
1757,FRA,7.534328814644051,10.152733656066681,17.687062470710732
1757,GBR,7.931284761525891,9.486813027450482,17.418097788976375
1757,IND,6.96896961064164,12.125985422463227,19.094955033104867
1757,ITA,7.819643691807603,9.693465942607402,17.513109634415006
1757,JPN,6.9049044553866725,10.269213555764855,17.174118011151528
1757,NLD,8.290254569133475,7.647127190916309,15.937381760049785
1757,POL,6.948897222313312,8.961972776341174,15.910869998654487
1757,PRT,7.594799350387962,7.838338706718665,15.433138057106628
1757,SWE,7.218176838403408,7.477998385805229,14.696175224208638
1758,BEL,7.692801842474673,7.862182107467829,15.554983949942503
1758,CHN,6.937053964136031,12.325856047624598,19.262910011760628
1758,DEU,7.443910187554817,9.860864366372148,17.304774553926965
1758,ESP,7.238431905228417,9.238758843469608,16.477190748698025
1758,FRA,7.515984176018814,10.155861290972997,17.67184546699181
1758,GBR,7.942717540573791,9.494380985638067,17.43709852621186
1758,IND,6.9683162665161404,12.127955328947095,19.096271595463236
1758,ITA,7.819881083318712,9.696938690474026,17.516819773792736
1758,JPN,6.911374391348454,10.270364808585528,17.181739199933983
1758,NLD,8.26557313966107,7.648838033473533,15.914411173134603
1758,POL,6.943122422819428,8.96657730315049,15.909699725969919
1758,PRT,7.589097837321353,7.842504254914745,15.431602092236098
1758,SWE,7.3758821482150125,7.483948059241364,14.859830207456376
1759,BEL,7.6941493839306485,7.866686928983791,15.56083631291444
1759,CHN,6.933285367449841,12.334318928374344,19.267604295824185
1759,DEU,7.480790703093756,9.865089519584007,17.345880222677764
1759,ESP,7.240781595323468,9.24151171860932,16.48229331393279
1759,FRA,7.4954887753387345,10.158988925879312,17.654477701218045
1759,GBR,7.955074273262696,9.50194894382565,17.457023217088345
1759,IND,6.96766292239064,12.129925235430964,19.097588157821605
1759,ITA,7.820118474829819,9.70041143834065,17.52052991317047
1759,JPN,6.917844327310236,10.271516061406201,17.189360388716437
1759,NLD,8.23909075582127,7.650548876030757,15.889639631852027
1759,POL,6.93537044601511,8.971181829959805,15.906552275974915
1759,PRT,7.620511698377665,7.846669803110826,15.46718150148849
1759,SWE,7.370230641807081,7.489897732677499,14.86012837448458
1760,BEL,7.695496925386624,7.871191750499752,15.566688675886375
1760,CHN,6.92951677076365,12.34278180912409,19.27229857988774
1760,DEU,7.480824235838807,9.869314672795866,17.350138908634673
1760,ESP,7.2618851989027915,9.244264593749035,16.506149792651826
1760,FRA,7.519165208491081,10.162116560785627,17.68128176927671
1760,GBR,7.977625098784593,9.509516902013234,17.487142000797824
1760,IND,6.96700957826514,12.131895141914834,19.098904720179974
1760,ITA,7.820355866340926,9.703884186207272,17.524240052548198
1760,JPN,6.924314263272017,10.272667314226874,17.196981577498892
1760,NLD,8.284872183410192,7.652259718587981,15.937131901998173
1760,POL,6.926577033222725,8.975786356769122,15.902363389991848
1760,PRT,7.6740731925318615,7.850835351306906,15.524908543838768
1760,SWE,7.419979923661835,7.495847406113635,14.91582732977547
1761,BEL,7.696844466842598,7.875696572015713,15.572541038858311
1761,CHN,6.924383064691373,12.351244689873836,19.275627754565207
1761,DEU,7.470250336012032,9.873539826007724,17.343790162019754
1761,ESP,7.234022513782377,9.247017468888748,16.481039982671124
1761,FRA,7.555996817536325,10.165244195691944,17.72124101322827
1761,GBR,8.010027528481734,9.517084860200818,17.527112388682554
1761,IND,6.96635623413964,12.133865048398702,19.100221282538342
1761,ITA,7.8205932578520345,9.707356934073896,17.52795019192593
1761,JPN,6.930784199233799,10.273818567047549,17.204602766281347
1761,NLD,8.28801542802776,7.653970561145205,15.941985989172966
1761,POL,6.918695219020472,8.980390883578437,15.899086102598908
1761,PRT,7.690183638960173,7.855000899502986,15.54518453846316
1761,SWE,7.382746449738912,7.501797079549769,14.884543529288681
1762,BEL,7.698192008298573,7.880201393531674,15.578393401830247
1762,CHN,6.919249358619096,12.359707570623582,19.27895692924268
1762,DEU,7.4092556052608565,9.877764979219583,17.287020584480437
1762,ESP,7.180912227896163,9.24977034402846,16.430682571924624
1762,FRA,7.610909646173498,10.168371830598259,17.779281476771757
1762,GBR,7.978310969867722,9.5246528183884,17.50296378825612
1762,IND,6.96570289001414,12.13583495488257,19.10153784489671
1762,ITA,7.820830649363142,9.71082968194052,17.531660331303662
1762,JPN,6.93725413519558,10.274969819868222,17.212223955063802
1762,NLD,8.302260049033523,7.655681403702429,15.957941452735952
1762,POL,6.911747300251674,8.984995410387752,15.896742710639426
1762,PRT,7.6148224754941705,7.859166447699067,15.473988923193238
1762,SWE,7.275172319452771,7.507746752985905,14.782919072438677
1763,BEL,7.699539549754548,7.884706215047635,15.584245764802183
1763,CHN,6.914115652546819,12.368170451373327,19.282286103920146
1763,DEU,7.42859803884811,9.881990132431442,17.31058817127955
1763,ESP,7.121003903949333,9.252523219168175,16.37352712311751
1763,FRA,7.602355255091976,10.171499465504574,17.77385472059655
1763,GBR,7.97728198675515,9.532220776575985,17.509502763331135
1763,IND,6.96504954588864,12.137804861366439,19.10285440725508
1763,ITA,7.821068040874249,9.714302429807145,17.535370470681393
1763,JPN,6.943724071157362,10.276121072688895,17.219845143846257
1763,NLD,8.369143884069468,7.657392246259653,16.02653613032912
1763,POL,6.898714534329988,8.989599937197069,15.888314471527057
1763,PRT,7.593227395648077,7.863331995895147,15.456559391543223
1763,SWE,7.360739903058278,7.513696426422039,14.874436329480318
1764,BEL,7.7008870912105225,7.889211036563596,15.59009812777412
1764,CHN,6.908981946474542,12.376633332123074,19.285615278597618
1764,DEU,7.4565226808418075,9.8862152856433,17.342737966485107
1764,ESP,7.161683108389615,9.255276094307888,16.4169592026975
1764,FRA,7.541662913749821,10.17462710041089,17.716290014160712
1764,GBR,7.971776122880628,9.539788734763567,17.511564857644196
1764,IND,6.96439620176314,12.139774767850307,19.10417096961345
1764,ITA,7.8213054323853575,9.717775177673769,17.539080610059127
1764,JPN,6.950194007119144,10.27727232550957,17.227466332628715
1764,NLD,8.372651573624921,7.659103088816877,16.0317546624418
1764,POL,6.892641641172089,8.994204464006383,15.886846105178472
1764,PRT,7.61724274520174,7.867497544091228,15.484740289292969
1764,SWE,7.259819610363186,7.519646099858175,14.779465710221361
1765,BEL,7.702234632666498,7.893715858079558,15.595950490746056
1765,CHN,6.903848240402265,12.385096212872819,19.288944453275086
1765,DEU,7.449722560659773,9.890440438855158,17.34016299951493
1765,ESP,7.166999941770438,9.2580289694476,16.42502891121804
1765,FRA,7.51301435316377,10.177754735317205,17.690769088480977
1765,GBR,7.9561263512135,9.547356692951151,17.503483044164653
1765,IND,6.96374285763764,12.141744674334175,19.105487531971814
1765,ITA,7.821542823896465,9.721247925540393,17.542790749436858
1765,JPN,6.956663943080925,10.278423578330242,17.235087521411167
1765,NLD,8.493017379307835,7.6608139313741015,16.153831310681937
1765,POL,6.88653164253051,8.998808990815698,15.885340633346209
1765,PRT,7.6187758722997865,7.871663092287308,15.490438964587096
1765,SWE,7.302496423727326,7.52559577329431,14.828092197021636
1766,BEL,7.703582174122473,7.898220679595519,15.601802853717992
1766,CHN,6.898714534329988,12.393559093622565,19.292273627952554
1766,DEU,7.4654453980808375,9.894665592067017,17.360110990147856
1766,ESP,7.180588317816916,9.260781844587315,16.441370162404233
1766,FRA,7.522386420161003,10.18088237022352,17.703268790384524
1766,GBR,7.965198290612176,9.554924651138736,17.520122941750913
1766,IND,6.96308951351214,12.143714580818044,19.106804094330183
1766,ITA,7.821780215407572,9.724720673407015,17.546500888814588
1766,JPN,6.963133879042707,10.279574831150915,17.24270871019362
1766,NLD,8.380039253438852,7.662524773931326,16.042564027370176
1766,POL,6.881411303642535,9.003413517625015,15.88482482126755
1766,PRT,7.611452208343312,7.875828640483388,15.4872808488267
1766,SWE,7.334981878871814,7.531545446730445,14.86652732560226
1767,BEL,7.704929715578448,7.90272550111148,15.607655216689928
1767,CHN,6.900474219825357,12.40202197437231,19.302496194197666
1767,DEU,7.475666696417687,9.898890745278877,17.374557441696563
1767,ESP,7.146185573873032,9.263534719727028,16.40972029360006
1767,FRA,7.483348431446696,10.184010005129835,17.66735843657653
1767,GBR,7.969357742016346,9.562492609326318,17.531850351342662
1767,IND,6.96243616938664,12.145684487301914,19.108120656688556
1767,ITA,7.82201760691868,9.72819342127364,17.55021102819232
1767,JPN,6.969603815004489,10.28072608397159,17.25032989897608
1767,NLD,8.339992192002311,7.66423561648855,16.00422780849086
1767,POL,6.883462586413092,9.00801804443433,15.891480630847422
1767,PRT,7.6403577656137935,7.879994188679469,15.520351954293263
1767,SWE,7.350516171833998,7.5374951201665805,14.888011292000579
1768,BEL,7.706277257034422,7.907230322627441,15.613507579661864
1768,CHN,6.902233905320726,12.410484855122057,19.312718760442785
1768,DEU,7.478934659076728,9.903115898490734,17.38205055756746
1768,ESP,7.162486252169226,9.266287594866741,16.428773847035966
1768,FRA,7.453908123671961,10.18713764003615,17.64104576370811
1768,GBR,7.976251943745623,9.570060567513902,17.546312511259526
1768,IND,6.96178282526114,12.147654393785782,19.10943721904692
1768,ITA,7.822254998429788,9.731666169140263,17.553921167570053
1768,JPN,6.97607375096627,10.281877336792263,17.257951087758535
1768,NLD,8.368109864744579,7.665946459045775,16.034056323790352
1768,POL,6.889591308354466,9.012622571243645,15.902213879598111
1768,PRT,7.530124812192939,7.884159736875549,15.414284549068489
1768,SWE,7.29505641646263,7.543444793602715,14.838501210065346
1769,BEL,7.707624798490397,7.911735144143402,15.6193599426338
1769,CHN,6.903993590816095,12.418947735871802,19.322941326687896
1769,DEU,7.472461211691324,9.907341051702593,17.379802263393916
1769,ESP,7.16755032237295,9.269040470006455,16.436590792379405
1769,FRA,7.4328572329521725,10.190265274942465,17.62312250789464
1769,GBR,8.024862150286411,9.577628525701485,17.602490675987895
1769,IND,6.9611294811356395,12.14962430026965,19.11075378140529
1769,ITA,7.822492389940895,9.735138917006887,17.557631306947783
1769,JPN,6.982543686928052,10.283028589612936,17.265572276540986
1769,NLD,8.423646162230293,7.667657301602999,16.09130346383329
1769,POL,6.889591308354466,9.017227098052961,15.906818406407428
1769,PRT,7.508066356348664,7.8883252850716294,15.396391641420294
1769,SWE,7.293697720601438,7.549394467038851,14.843092187640288
1770,BEL,7.7089723399463725,7.916239965659363,15.625212305605736
1770,CHN,6.905753276311464,12.427410616621549,19.333163892933012
1770,DEU,7.444246322793498,9.911566204914452,17.35581252770795
1770,ESP,7.1946779478280485,9.271793345146168,16.466471292974216
1770,FRA,7.364205046616827,10.19339290984878,17.557597956465607
1770,GBR,7.990238185720363,9.585196483889069,17.575434669609432
1770,IND,6.96047613701014,12.151594206753519,19.11207034376366
1770,ITA,7.822729781452003,9.738611664873511,17.561341446325514
1770,JPN,6.989013622889833,10.284179842433609,17.27319346532344
1770,NLD,8.375736408976131,7.669368144160223,16.045104553136355
1770,POL,6.889591308354466,9.021831624862276,15.911422933216741
1770,PRT,7.571140175222164,7.89249083326771,15.463631008489873
1770,SWE,7.282073658093465,7.555344140474986,14.83741779856845
1771,BEL,7.710319881402347,7.920744787175324,15.631064668577672
1771,CHN,6.9040351946368546,12.435873497371293,19.339908692008148
1771,DEU,7.375196994591021,9.91579135812631,17.29098835271733
1771,ESP,7.1973724022971535,9.274546220285881,16.471918622583033
1771,FRA,7.375562142903625,10.196520544755098,17.57208268765872
1771,GBR,8.002694162283937,9.592764442076653,17.59545860436059
1771,IND,6.95982279288464,12.153564113237387,19.113386906122027
1771,ITA,7.822967172963111,9.742084412740136,17.565051585703245
1771,JPN,6.995483558851615,10.285331095254284,17.2808146541059
1771,NLD,8.459783094444022,7.671078986717447,16.130862081161467
1771,POL,6.883462586413092,9.026436151671591,15.909898738084683
1771,PRT,7.5546735016874305,7.8966563814637905,15.451329883151221
1771,SWE,7.201170883281678,7.561293813911121,14.762464697192799
1772,BEL,7.711667422858322,7.925249608691286,15.636917031549608
1772,CHN,6.902317112962244,12.44433637812104,19.346653491083284
1772,DEU,7.3803827385586525,9.920016511338169,17.30039924989682
1772,ESP,7.190109279200299,9.277299095425596,16.467408374625894
1772,FRA,7.425989609116009,10.199648179661413,17.62563778877742
1772,GBR,7.969011781106478,9.600332400264236,17.569344181370713
1772,IND,6.959169448759139,12.155534019721255,19.114703468480393
1772,ITA,7.823204564474219,9.745557160606758,17.568761725080975
1772,JPN,7.001953494813397,10.286482348074957,17.288435842888354
1772,NLD,8.476259782489985,7.672789829274671,16.149049611764656
1772,POL,6.881411303642535,9.031040678480908,15.912451982123443
1772,PRT,7.558207458712003,7.900821929659871,15.459029388371874
1772,SWE,7.1569563646156364,7.567243487347256,14.724199851962894
1773,BEL,7.713014964314297,7.929754430207247,15.642769394521544
1773,CHN,6.9005990312876335,12.452799258870785,19.353398290158417
1773,DEU,7.443030293901286,9.924241664550028,17.36727195845131
1773,ESP,7.210343655628671,9.280051970565308,16.49039562619398
1773,FRA,7.455824079613432,10.202775814567728,17.658599894181158
1773,GBR,7.979338895262328,9.60790035845182,17.58723925371415
1773,IND,6.95851610463364,12.157503926205125,19.116020030838765
1773,ITA,7.823441955985326,9.749029908473382,17.57247186445871
1773,JPN,7.008423430775178,10.28763360089563,17.296057031670806
1773,NLD,8.42540620961923,7.674500671831895,16.099906881451126
1773,POL,6.881411303642535,9.035645205290223,15.917056508932758
1773,PRT,7.563842761202695,7.9049874778559515,15.468830239058647
1773,SWE,7.291656209174461,7.573193160783392,14.864849369957852
1774,BEL,7.714362505770271,7.934259251723208,15.64862175749348
1774,CHN,6.898880949613024,12.461262139620532,19.360143089233556
1774,DEU,7.477706341937807,9.928466817761887,17.406173159699694
1774,ESP,7.174344770588992,9.282804845705023,16.457149616294014
1774,FRA,7.498464877191451,10.205903449474043,17.704368326665495
1774,GBR,7.949444420250626,9.615468316639403,17.56491273689003
1774,IND,6.95786276050814,12.159473832688994,19.117336593197134
1774,ITA,7.823679347496434,9.752502656340006,17.57618200383644
1774,JPN,7.01489336673696,10.288784853716304,17.303678220453264
1774,NLD,8.427943043841461,7.676211514389119,16.10415455823058
1774,POL,6.889591308354466,9.040249732099538,15.929841040454004
1774,PRT,7.556016871797771,7.9091530260520315,15.465169897849803
1774,SWE,7.363913501405819,7.579142834219526,14.943056335625347
1775,BEL,7.7157100472262465,7.938764073239169,15.654474120465416
1775,CHN,6.897162867938414,12.469725020370277,19.36688788830869
1775,DEU,7.472398958451105,9.932691970973744,17.40509092942485
1775,ESP,7.226790532103996,9.285557720844736,16.512348252948733
1775,FRA,7.464706350734139,10.209031084380358,17.673737435114496
1775,GBR,7.970740390007095,9.623036274826987,17.59377666483408
1775,IND,6.957209416382639,12.161443739172862,19.1186531555555
1775,ITA,7.823916739007542,9.75597540420663,17.579892143214174
1775,JPN,7.021363302698742,10.289936106536977,17.31129940923572
1775,NLD,8.408658699675856,7.677922356946343,16.0865810566222
1775,POL,6.898714534329988,9.044854258908854,15.943568793238843
1775,PRT,7.589103557811398,7.9133185742481125,15.502422132059511
1775,SWE,7.329749689041512,7.585092507655662,14.914842196697174
1776,BEL,7.717057588682222,7.94326889475513,15.660326483437352
1776,CHN,6.895444786263804,12.478187901120023,19.373632687383825
1776,DEU,7.483590848460271,9.936917124185603,17.420507972645876
1776,ESP,7.185622274991151,9.288310595984449,16.4739328709756
1776,FRA,7.5247601500746075,10.212158719286673,17.736918869361283
1776,GBR,7.993619994827744,9.630604233014571,17.624224227842316
1776,IND,6.95655607225714,12.16341364565673,19.119969717913868
1776,ITA,7.824154130518649,9.759448152073254,17.583602282591904
1776,JPN,7.027833238660523,10.29108735935765,17.318920598018174
1776,NLD,8.396464645530097,7.679633199503567,16.076097845033665
1776,POL,6.902742737158593,9.04945878571817,15.952201522876763
1776,PRT,7.564606938668223,7.9174841224441925,15.482091061112415
1776,SWE,7.3537223303996315,7.591042181091797,14.944764511491428
1777,BEL,7.718405130138196,7.947773716271091,15.666178846409288
1777,CHN,6.893726704589193,12.486650781869768,19.38037748645896
1777,DEU,7.485692599739678,9.941142277397462,17.42683487713714
1777,ESP,7.209881145170668,9.291063471124163,16.50094461629483
1777,FRA,7.501782442670101,10.215286354192989,17.71706879686309
1777,GBR,8.012018239159062,9.638172191202154,17.650190430361214
1777,IND,6.9559027281316395,12.165383552140598,19.121286280272237
1777,ITA,7.824391522029757,9.762920899939878,17.587312421969635
1777,JPN,7.034303174622305,10.292238612178323,17.32654178680063
1777,NLD,8.429111723366763,7.6813440420607915,16.110455765427552
1777,POL,6.894670039433482,9.054063312527484,15.948733351960966
1777,PRT,7.623033944716912,7.9216496706402735,15.544683615357187
1777,SWE,7.350516171833998,7.596991854527932,14.94750802636193
1778,BEL,7.719752671594171,7.952278537787053,15.672031209381224
1778,CHN,6.892008622914584,12.495113662619515,19.387122285534097
1778,DEU,7.4822654663388874,9.945367430609322,17.42763289694821
1778,ESP,7.185613084062499,9.293816346263876,16.479429430326377
1778,FRA,7.493150348030306,10.218413989099304,17.71156433712961
1778,GBR,7.994969522697877,9.645740149389738,17.640709672087617
1778,IND,6.955249384006139,12.167353458624467,19.122602842630606
1778,ITA,7.824628913540865,9.7663936478065,17.591022561347366
1778,JPN,7.040773110584086,10.293389864998998,17.334162975583084
1778,NLD,8.411238322100498,7.683054884618016,16.094293206718515
1778,POL,6.897704943128636,9.0586678393368,15.956372782465436
1778,PRT,7.568739769913955,7.9258152188363535,15.49455498875031
1778,SWE,7.370230641807081,7.6029415279640675,14.973172169771148
1779,BEL,7.721100213050146,7.956783359303014,15.67788357235316
1779,CHN,6.890290541239974,12.503576543369261,19.393867084609234
1779,DEU,7.494709498109821,9.949592583821179,17.444302081931
1779,ESP,7.177329900496091,9.296569221403589,16.47389912189968
1779,FRA,7.5525991400468335,10.221541624005619,17.774140764052454
1779,GBR,7.983098940710892,9.65330810757732,17.636407048288213
1779,IND,6.95459603988064,12.169323365108337,19.123919404988975
1779,ITA,7.824866305051972,9.769866395673125,17.594732700725096
1779,JPN,7.0472430465458675,10.294541117819671,17.34178416436554
1779,NLD,8.355617509905391,7.68476572717524,16.040383237080633
1779,POL,6.905753276311464,9.063272366146116,15.96902564245758
1779,PRT,7.606730706214469,7.929980767032434,15.536711473246903
1779,SWE,7.382124365737512,7.608891201400202,14.991015567137715
1780,BEL,7.7224477545061205,7.961288180818975,15.683735935325096
1780,CHN,6.8885724595653635,12.512039424119006,19.40061188368437
1780,DEU,7.502221401203798,9.953817737033038,17.456039138236836
1780,ESP,7.1466355071211645,9.299322096543303,16.445957603664468
1780,FRA,7.5905242791826755,10.224669258911934,17.81519353809461
1780,GBR,8.022568946988255,9.660876065764905,17.68344501275316
1780,IND,6.953942695755139,12.171293271592205,19.125235967347344
1780,ITA,7.82510369656308,9.773339143539749,17.598442840102827
1780,JPN,7.053712982507649,10.295692370640344,17.349405353147993
1780,NLD,8.423450410051926,7.686476569732464,16.10992697978439
1780,POL,6.911747300251674,9.06787689295543,15.979624193207105
1780,PRT,7.542530833816209,7.9341463152285145,15.476677149044724
1780,SWE,7.374001859350161,7.614840874836338,14.988842734186498
1781,BEL,7.723795295962096,7.965793002334936,15.689588298297032
1781,CHN,6.8858863476569,12.520502304868753,19.406388652525653
1781,DEU,7.484552852988259,9.958042890244897,17.442595743233156
1781,ESP,7.2285430707776674,9.302074971683016,16.530618042460684
1781,FRA,7.56031605726933,10.22779689381825,17.78811295108758
1781,GBR,8.039802343736485,9.668444023952489,17.70824636768897
1781,IND,6.953289351629639,12.173263178076073,19.126552529705712
1781,ITA,7.825341088074188,9.776811891406373,17.60215297948056
1781,JPN,7.0601829184694305,10.296843623461019,17.35702654193045
1781,NLD,8.320870328890189,7.688187412289688,16.009057741179877
1781,POL,6.910750787961936,9.072481419764747,15.983232207726683
1781,PRT,7.585229301933067,7.938311863424595,15.523541165357662
1781,SWE,7.300472814267799,7.620790548272473,14.921263362540273
1782,BEL,7.725142837418071,7.970297823850897,15.695440661268968
1782,CHN,6.883200235748437,12.528965185618498,19.412165421366936
1782,DEU,7.48249543917481,9.962268043456755,17.444763482631565
1782,ESP,7.253015771399859,9.304827846822729,16.557843618222588
1782,FRA,7.5779900593123495,10.230924528724566,17.808914588036917
1782,GBR,8.022240916806537,9.676011982140071,17.698252898946606
1782,IND,6.95263600750414,12.175233084559942,19.12786909206408
1782,ITA,7.825578479585295,9.780284639272997,17.60586311885829
1782,JPN,7.066652854431212,10.297994876281692,17.364647730712903
1782,NLD,8.374914716242964,7.689898254846912,16.064812971089875
1782,POL,6.90875477931522,9.077085946574062,15.985840725889283
1782,PRT,7.5783648774622305,7.942477411620675,15.520842289082905
1782,SWE,7.329749689041512,7.626740221708608,14.95648991075012
1783,BEL,7.726490378874045,7.974802645366858,15.701293024240904
1783,CHN,6.880514123839974,12.537428066368244,19.41794219020822
1783,DEU,7.492435249674338,9.966493196668614,17.458928446342952
1783,ESP,7.256574968503237,9.307580721962443,16.564155690465682
1783,FRA,7.536784983030773,10.234052163630881,17.770837146661655
1783,GBR,8.01532730902172,9.683579940327656,17.698907249349375
1783,IND,6.951982663378639,12.17720299104381,19.12918565442245
1783,ITA,7.825815871096403,9.78375738713962,17.609573258236022
1783,JPN,7.073122790392993,10.299146129102365,17.372268919495358
1783,NLD,8.341693234300637,7.691609097404137,16.033302331704775
1783,POL,6.898714534329988,9.081690473383377,15.980405007713365
1783,PRT,7.572402645926658,7.946642959816756,15.519045605743415
1783,SWE,7.284134806195205,7.632689895144743,14.916824701339948
1784,BEL,7.72783792033002,7.97930746688282,15.70714538721284
1784,CHN,6.87782801193151,12.54589094711799,19.4237189590495
1784,DEU,7.492001684718256,9.970718349880473,17.46272003459873
1784,ESP,7.192035639196893,9.310333597102156,16.50236923629905
1784,FRA,7.5435541438561495,10.237179798537197,17.780733942393347
1784,GBR,8.009363076630045,9.691147898515238,17.700510975145285
1784,IND,6.951329319253139,12.179172897527678,19.13050221678082
1784,ITA,7.826053262607511,9.787230135006244,17.613283397613756
1784,JPN,7.079592726354775,10.300297381923038,17.379890108277813
1784,NLD,8.345933223692732,7.693319939961361,16.039253163654095
1784,POL,6.88653164253051,9.086295000192694,15.972826642723204
1784,PRT,7.65408206336876,7.950808508012836,15.604890571381596
1784,SWE,7.336285660021297,7.638639568580878,14.974925228602174
1785,BEL,7.729185461785995,7.983812288398781,15.712997750184776
1785,CHN,6.8751419000230465,12.554353827867736,19.42949572789078
1785,DEU,7.490862153591377,9.974943503092332,17.46580565668371
1785,ESP,7.216578709826517,9.313086472241869,16.529665182068385
1785,FRA,7.544309686333462,10.240307433443512,17.784617119776975
1785,GBR,7.993619994827744,9.698715856702822,17.692335851530565
1785,IND,6.9506759751276395,12.181142804011547,19.131818779139188
1785,ITA,7.826290654118618,9.790702882872868,17.616993536991487
1785,JPN,7.086062662316557,10.301448634743712,17.38751129706027
1785,NLD,8.33551314004362,7.695030782518585,16.030543922562206
1785,POL,6.875232087276577,9.090899527002009,15.966131614278584
1785,PRT,7.631921441292263,7.954974056208917,15.58689549750118
1785,SWE,7.311218384419629,7.644589242017013,14.955807626436641
1786,BEL,7.73053300324197,7.988317109914742,15.718850113156712
1786,CHN,6.872455788114584,12.562816708617481,19.435272496732065
1786,DEU,7.493415001182316,9.97916865630419,17.472583657486506
1786,ESP,7.194610805239098,9.315839347381583,16.51045015262068
1786,FRA,7.567386928213039,10.243435068349827,17.810821996562865
1786,GBR,8.000014093678072,9.706283814890407,17.70629790856848
1786,IND,6.950022631002139,12.183112710495417,19.133135341497557
1786,ITA,7.826528045629726,9.794175630739492,17.620703676369217
1786,JPN,7.092532598278338,10.302599887564385,17.395132485842723
1786,NLD,8.234371539889624,7.696741625075809,15.931113164965433
1786,POL,6.86171134048073,9.095504053811323,15.957215394292053
1786,PRT,7.6300847948353905,7.959139604404997,15.589224399240386
1786,SWE,7.313220387090301,7.650538915453149,14.963759302543451
1787,BEL,7.731880544697945,7.992821931430703,15.724702476128648
1787,CHN,6.86976967620612,12.571279589367228,19.441049265573348
1787,DEU,7.48329295594667,9.983393809516048,17.46668676546272
1787,ESP,7.256163372429172,9.318592222521296,16.574755594950467
1787,FRA,7.588196945381607,10.246562703256142,17.83475964863775
1787,GBR,7.971776122880628,9.71385177307799,17.685627895958618
1787,IND,6.949369286876639,12.185082616979285,19.134451903855926
1787,ITA,7.826765437140834,9.797648378606116,17.624413815746948
1787,JPN,7.09900253424012,10.303751140385058,17.402753674625178
1787,NLD,8.281719027644549,7.698452467633033,15.980171495277581
1787,POL,6.86484777797086,9.10010858062064,15.9649563585915
1787,PRT,7.580506300201427,7.963305152601077,15.543811452802505
1787,SWE,7.3453648404168685,7.6564885888892835,15.001853429306152
1788,BEL,7.73322808615392,7.997326752946664,15.730554839100584
1788,CHN,6.867083564297657,12.579742470116972,19.446826034414627
1788,DEU,7.484895934225486,9.987618962727908,17.472514896953392
1788,ESP,7.262890464593634,9.32134509766101,16.584235562254644
1788,FRA,7.608958756053827,10.249690338162457,17.858649094216283
1788,GBR,7.95892649305011,9.721419731265573,17.680346224315684
1788,IND,6.948715942751139,12.187052523463153,19.135768466214294
1788,ITA,7.827002828651941,9.80112112647274,17.628123955124682
1788,JPN,7.105472470201902,10.304902393205733,17.410374863407636
1788,NLD,8.223192924256061,7.700163310190257,15.923356234446318
1788,POL,6.871091294610546,9.104713107429955,15.9758044020405
1788,PRT,7.600233260529612,7.967470700797158,15.567703961326771
1788,SWE,7.298445101508147,7.662438262325419,14.960883363833567
1789,BEL,7.734575627609894,8.001831574462626,15.73640720207252
1789,CHN,6.864397452389194,12.588205350866719,19.452602803255914
1789,DEU,7.474173314835075,9.991844115939767,17.46601743077484
1789,ESP,7.258755776477017,9.324097972800724,16.58285374927774
1789,FRA,7.4372150985578935,10.252817973068773,17.690033071626665
1789,GBR,7.968319500012717,9.728987689453156,17.697307189465874
1789,IND,6.948062598625639,12.189022429947022,19.13708502857266
1789,ITA,7.827240220163049,9.804593874339362,17.631834094502413
1789,JPN,7.111942406163683,10.306053646026406,17.41799605219009
1789,NLD,8.262588405497134,7.701874152747481,15.964462558244616
1789,POL,6.866933284461882,9.10931763423927,15.976250918701151
1789,PRT,7.507540971446143,7.971636248993238,15.47917722043938
1789,SWE,7.387090235656757,7.6683879357615545,15.055478171418311
1790,BEL,7.735923169065869,8.006336395978586,15.742259565044456
1790,CHN,6.86171134048073,12.596668231616464,19.458379572097193
1790,DEU,7.4810750635875,9.996069269151624,17.477144332739122
1790,ESP,7.282012071324406,9.326850847940436,16.608862919264844
1790,FRA,7.475206319528287,10.255945607975088,17.731151927503376
1790,GBR,8.030084094267563,9.73655564764074,17.766639741908303
1790,IND,6.947409254500139,12.19099233643089,19.13840159093103
1790,ITA,7.827477611674157,9.808066622205986,17.635544233880143
1790,JPN,7.118412342125465,10.307204898847079,17.425617240972542
1790,NLD,8.342542671599537,7.7035849953047055,16.04612766690424
1790,POL,6.848005274576363,9.113922161048587,15.96192743562495
1790,PRT,7.4659930632264375,7.975801797189319,15.441794860415756
1790,SWE,7.379008127628304,7.674337609197689,15.053345736825992
1791,BEL,7.737270710521845,8.010841217494548,15.748111928016392
1791,CHN,6.8586555957488855,12.60513111236621,19.463786708115094
1791,DEU,7.500467358354402,10.000294422363483,17.500761780717884
1791,ESP,7.273332469906906,9.329603723080151,16.60293619298706
1791,FRA,7.476383973521767,10.259073242881403,17.73545721640317
1791,GBR,8.021584533455107,9.744123605828324,17.765708139283433
1791,IND,6.946755910374639,12.192962242914758,19.139718153289397
1791,ITA,7.827715003185264,9.81153937007261,17.639254373257874
1791,JPN,7.124882278087246,10.308356151667754,17.433238429755
1791,NLD,8.353940008987797,7.70529583786193,16.059235846849727
1791,POL,6.833031732786201,9.118526687857901,15.951558420644101
1791,PRT,7.48937007959834,7.979967345385399,15.469337424983738
1791,SWE,7.415175109613295,7.680287282633825,15.09546239224712
1792,BEL,7.738618251977819,8.01534603901051,15.753964290988328
1792,CHN,6.855599851017041,12.613593993115956,19.469193844132995
1792,DEU,7.506861607244051,10.004519575575342,17.51138118281939
1792,ESP,7.230838923359906,9.332356598219864,16.56319552157977
1792,FRA,7.389080349201488,10.262200877787718,17.651281226989205
1792,GBR,8.050065422915965,9.751691564015907,17.80175698693187
1792,IND,6.946102566249139,12.194932149398628,19.141034715647766
1792,ITA,7.827952394696372,9.815012117939235,17.642964512635608
1792,JPN,7.131352214049028,10.309507404488427,17.440859618537456
1792,NLD,8.388995144767078,7.707006680419154,16.09600182518623
1792,POL,6.827629234502852,9.123131214667216,15.950760449170069
1792,PRT,7.499023244073498,7.984132893581479,15.483156137654976
1792,SWE,7.362645270417825,7.68623695606996,15.048882226487784
1793,BEL,7.739965793433794,8.01985086052647,15.759816653960264
1793,CHN,6.852544106285196,12.622056873865702,19.474600980150896
1793,DEU,7.495756475274869,10.0087447287872,17.50450120406207
1793,ESP,7.2387641768357245,9.335109473359577,16.573873650195303
1793,FRA,7.3788528844460615,10.265328512694035,17.644181397140095
1793,GBR,8.02322468471667,9.759259522203491,17.78248420692016
1793,IND,6.945449222123639,12.196902055882497,19.142351278006135
1793,ITA,7.82818978620748,9.818484865805859,17.64667465201334
1793,JPN,7.13782215001081,10.3106586573091,17.44848080731991
1793,NLD,8.40746585659207,7.708717522976378,16.116183379568447
1793,POL,6.825460036255307,9.127735741476533,15.953195777731839
1793,PRT,7.501921120000075,7.98829844177756,15.490219561777636
1793,SWE,7.301147805856032,7.692186629506095,14.993334435362126
1794,BEL,7.741313334889769,8.024355682042431,15.7656690169322
1794,CHN,6.849488361553351,12.630519754615447,19.480008116168797
1794,DEU,7.4903348653989825,10.012969881999059,17.50330474739804
1794,ESP,7.216117540271812,9.337862348499291,16.553979888771103
1794,FRA,7.373774686178255,10.26845614760035,17.642230833778605
1794,GBR,7.981049759665957,9.766827480391074,17.74787724005703
1794,IND,6.944795877998139,12.198871962366365,19.143667840364504
1794,ITA,7.828427177718587,9.821957613672483,17.65038479139107
1794,JPN,7.144292085972591,10.311809910129773,17.456101996102362
1794,NLD,8.448009316204132,7.710428365533602,16.158437681737734
1794,POL,6.836259277277067,9.132340268285848,15.968599545562915
1794,PRT,7.414028797487298,7.99246398997364,15.406492787460937
1794,SWE,7.307872780763706,7.69813630294223,15.006009083705937
1795,BEL,7.742660876345743,8.028860503558393,15.771521379904136
1795,CHN,6.846432616821506,12.638982635365194,19.485415252186698
1795,DEU,7.483152467413382,10.017195035210918,17.5003475026243
1795,ESP,7.20440550321622,9.340615223639004,16.545020726855224
1795,FRA,7.3762919420837125,10.271583782506665,17.647875724590378
1795,GBR,8.073091199693154,9.774395438578658,17.84748663827181
1795,IND,6.944142533872639,12.200841868850233,19.144984402722873
1795,ITA,7.828664569229695,9.825430361539105,17.6540949307688
1795,JPN,7.150762021934373,10.312961162950447,17.46372318488482
1795,NLD,8.25497151927752,7.712139208090826,15.967110727368347
1795,POL,6.84587987526405,9.136944795095163,15.982824670359213
1795,PRT,7.412530585821727,7.99662953816972,15.409160123991448
1795,SWE,7.317212408359839,7.704085976378365,15.021298384738204
1796,BEL,7.744008417801719,8.033365325074353,15.777373742876073
1796,CHN,6.843376872089661,12.647445516114939,19.4908223882046
1796,DEU,7.4871298738541805,10.021420188422777,17.508550062276957
1796,ESP,7.18564644018348,9.343368098778717,16.529014538962198
1796,FRA,7.39838029401807,10.27471141741298,17.67309171143105
1796,GBR,8.081165777725433,9.781963396766242,17.863129174491675
1796,IND,6.9434891897471385,12.202811775334101,19.146300965081238
1796,ITA,7.828901960740803,9.82890310940573,17.65780507014653
1796,JPN,7.157231957896155,10.31411241577112,17.471344373667275
1796,NLD,8.41321812872619,7.71385005064805,16.12706817937424
1796,POL,6.859614903654202,9.14154932190448,16.001164225558682
1796,PRT,7.464250317029216,8.0007950863658,15.465045403395017
1796,SWE,7.370860166536716,7.7100356498145,15.080895816351216
1797,BEL,7.745355959257694,8.037870146590315,15.783226105848009
1797,CHN,6.840321127357816,12.655908396864685,19.4962295242225
1797,DEU,7.515610387492503,10.025645341634634,17.541255729127137
1797,ESP,7.193532733910566,9.346120973918431,16.539653707828997
1797,FRA,7.409815944840676,10.277839052319296,17.68765499715997
1797,GBR,8.06054004653864,9.789531354953825,17.850071401492464
1797,IND,6.942835845621639,12.20478168181797,19.147617527439607
1797,ITA,7.829139352251911,9.832375857272353,17.661515209524264
1797,JPN,7.163701893857936,10.315263668591793,17.47896556244973
1797,NLD,8.447053749958464,7.715560893205274,16.16261464316374
1797,POL,6.86484777797086,9.146153848713794,16.011001626684653
1797,PRT,7.444857097834,8.004960634561881,15.449817732395882
1797,SWE,7.307872780763706,7.715985323250636,15.02385810401434
1798,BEL,7.746703500713669,8.042374968106277,15.789078468819945
1798,CHN,6.837265382625971,12.66437127761443,19.5016366602404
1798,DEU,7.50718470338747,10.029870494846493,17.537055198233965
1798,ESP,7.248802033684996,9.348873849058144,16.59767588274314
1798,FRA,7.442004935819602,10.280966687225611,17.72297162304521
1798,GBR,8.058643712215618,9.797099313141409,17.85574302535703
1798,IND,6.942182501496139,12.20675158830184,19.14893408979798
1798,ITA,7.829376743763018,9.835848605138978,17.665225348901995
1798,JPN,7.170171829819718,10.316414921412468,17.486586751232185
1798,NLD,8.460726579748465,7.717271735762499,16.177998315510965
1798,POL,6.842683282238422,9.15075837552311,15.993441657761531
1798,PRT,7.351478287775879,8.009126182757962,15.36060447053384
1798,SWE,7.266128779556451,7.7219349966867705,14.988063776243221
1799,BEL,7.748051042169643,8.046879789622237,15.79493083179188
1799,CHN,6.834209637894126,12.672834158364177,19.5070437962583
1799,DEU,7.487875706497334,10.034095648058353,17.52197135455569
1799,ESP,7.234530429020995,9.351626724197857,16.586157153218853
1799,FRA,7.459935288717593,10.284094322131926,17.74402961084952
1799,GBR,8.073091199693154,9.804667271328992,17.877758471022148
1799,IND,6.941529157370638,12.208721494785708,19.150250652156345
1799,ITA,7.8296141352741255,9.839321353005602,17.66893548827973
1799,JPN,7.176641765781499,10.317566174233141,17.49420794001464
1799,NLD,8.37388664994495,7.718982578319723,16.092869228264675
1799,POL,6.829793737512425,9.155362902332426,15.98515663984485
1799,PRT,7.347092435959407,8.013291730954041,15.360384166913448
1799,SWE,7.256297239690681,7.727884670122906,14.984181909813586
1800,BEL,7.749398583625618,8.051384611138198,15.800783194763817
1800,CHN,6.8311538931622815,12.681297039113923,19.512450932276206
1800,DEU,7.488247543650465,10.038320801270212,17.526568344920676
1800,ESP,7.18380360469847,9.354379599337571,16.53818320403604
1800,FRA,7.41436067431129,10.287221957038241,17.70158263134953
1800,GBR,8.114623886420098,9.812235229516576,17.926859115936672
1800,IND,6.940875813245139,12.210691401269576,19.151567214514714
1800,ITA,7.829851526785234,9.842794100872224,17.67264562765746
1800,JPN,7.183111701743281,10.318717427053814,17.501829128797095
1800,NLD,8.339140584541859,7.720693420876947,16.059834005418807
1800,POL,6.804614520062624,9.15996742914174,15.964581949204366
1800,PRT,7.285336642455571,8.017457279150122,15.302793921605694
1800,SWE,7.2196420401307355,7.733834343559041,14.953476383689775
1801,BEL,7.750746125081593,8.055889432654158,15.806635557735753
1801,CHN,6.828389029606887,12.689759919863668,19.518148949470557
1801,DEU,7.48480195431342,10.042545954482069,17.52734790879549
1801,ESP,7.209183001609165,9.357132474477284,16.566315476086448
1801,FRA,7.364920621249567,10.290349591944556,17.65527021319412
1801,GBR,8.11701408773731,9.81980318770416,17.93681727544147
1801,IND,6.940222469119639,12.212661307753445,19.152883776873082
1801,ITA,7.830088918296341,9.846266848738848,17.67635576703519
1801,JPN,7.18302056896181,10.319868679874487,17.502889248836297
1801,NLD,8.321304074288445,7.722404263434171,16.043708337722617
1801,POL,6.780257890747049,9.164571955951057,15.944829846698106
1801,PRT,7.23802361899768,8.021622827346203,15.259646446343883
1801,SWE,7.210079628170788,7.739784016995176,14.949863645165964
1802,BEL,7.752093666537568,8.06039425417012,15.812487920707689
1802,CHN,6.825624166051493,12.698222800613415,19.52384696666491
1802,DEU,7.493621343308379,10.046771107693928,17.540392451002308
1802,ESP,7.1986504416415515,9.359885349616999,16.55853579125855
1802,FRA,7.36737349829302,10.293477226850872,17.66085072514389
1802,GBR,8.11969625295725,9.827371145891743,17.947067398848993
1802,IND,6.935261134222391,12.214631214237313,19.149892348459705
1802,ITA,7.828401866019362,9.849739596605472,17.678141462624836
1802,JPN,7.18292943618034,10.321019932695162,17.503949368875503
1802,NLD,8.37512020273295,7.7241151059913955,16.099235308724346
1802,POL,6.755901261431475,9.169176482760372,15.925077744191848
1802,PRT,7.254068481438016,8.025788375542284,15.279856856980299
1802,SWE,7.256297239690681,7.745733690431312,15.002030930121993
1803,BEL,7.753441207993543,8.064899075686082,15.818340283679625
1803,CHN,6.822859302496099,12.70668568136316,19.52954498385926
1803,DEU,7.497188473458372,10.050996260905787,17.54818473436416
1803,ESP,7.143323237425097,9.362638224756711,16.50596146218181
1803,FRA,7.4599962898040255,10.296604861757187,17.756601151561213
1803,GBR,8.087025470667701,9.834939104079327,17.92196457474703
1803,IND,6.9302997993251445,12.216601120721181,19.146900920046328
1803,ITA,7.830931378329319,9.853212344472096,17.684143722801416
1803,JPN,7.182838303398871,10.322171185515835,17.505009488914705
1803,NLD,8.353310219946303,7.72582594854862,16.079136168494923
1803,POL,6.7315446321159005,9.173781009569687,15.905325641685588
1803,PRT,7.263541112569177,8.029953923738363,15.29349503630754
1803,SWE,7.246368080102461,7.751683363867446,14.998051443969906
1804,BEL,7.754788749449518,8.069403897202042,15.82419264665156
1804,CHN,6.820094438940704,12.715148562112907,19.535243001053612
1804,DEU,7.500195896779002,10.055221414117645,17.555417310896647
1804,ESP,7.171972960172299,9.365391099896424,16.537364060068725
1804,FRA,7.604965686688174,10.299732496663504,17.904698183351677
1804,GBR,8.07215530818825,9.84250706226691,17.91466237045516
1804,IND,6.925338464427897,12.21857102720505,19.143909491632947
1804,ITA,7.83345450834744,9.85668509233872,17.69013960068616
1804,JPN,7.1827471706174,10.323322438336508,17.506069608953908
1804,NLD,8.399677499699422,7.727536791105844,16.127214290805266
1804,POL,6.707188002800326,9.178385536379004,15.88557353917933
1804,PRT,7.293415512343576,8.034119471934444,15.32753498427802
1804,SWE,7.179307969504034,7.757633037303582,14.936941006807615
1805,BEL,7.756136290905492,8.073908718718004,15.830045009623497
1805,CHN,6.817329575385309,12.723611442862651,19.54094101824796
1805,DEU,7.453045933865172,10.059446567329504,17.512492501194675
1805,ESP,7.2653885668752025,9.368143975036139,16.633532541911343
1805,FRA,7.545250714773646,10.302860131569819,17.848110846343467
1805,GBR,8.115819701211327,9.850075020454494,17.96589472166582
1805,IND,6.9203771295306495,12.22054093368892,19.14091806321957
1805,ITA,7.833874411775823,9.860157840205344,17.694032251981167
1805,JPN,7.182769953812768,10.324473691157182,17.50724364496995
1805,NLD,8.339140584541859,7.729247633663068,16.068388218204927
1805,POL,6.682831373484752,9.182990063188319,15.86582143667307
1805,PRT,7.2758581564114095,8.038285020130525,15.314143176541934
1805,SWE,7.240649694255466,7.763582710739717,15.004232404995182
1806,BEL,7.757483832361467,8.078413540233965,15.835897372595433
1806,CHN,6.814564711829915,12.732074323612398,19.54663903544231
1806,DEU,7.460592592199505,10.063671720541363,17.52426431274087
1806,ESP,7.316442770554736,9.370896850175852,16.687339620730587
1806,FRA,7.5293745351489445,10.305987766476134,17.83536230162508
1806,GBR,8.097730573664219,9.857642978642078,17.9553735523063
1806,IND,6.915415794633402,12.222510840172788,19.137926634806192
1806,ITA,7.83345450834744,9.863630588071967,17.697085096419407
1806,JPN,7.1827927370081355,10.325624943977855,17.508417680985993
1806,NLD,8.346567674385474,7.730958476220292,16.077526150605767
1806,POL,6.658474744169177,9.187594589997634,15.84606933416681
1806,PRT,7.252954367675359,8.042450568326604,15.295404936001963
1806,SWE,7.252053951852814,7.769532384175852,15.021586336028665
1807,BEL,7.758831373817443,8.082918361749925,15.841749735567369
1807,CHN,6.811799848274521,12.740537204362143,19.552337052636663
1807,DEU,7.461712149568544,10.067896873753222,17.529609023321765
1807,ESP,7.329082973042801,9.373649725315564,16.702732698358364
1807,FRA,7.502226529949327,10.30911540138245,17.811341931331775
1807,GBR,8.147288258706624,9.86521093682966,18.012499195536286
1807,IND,6.9104544597361555,12.224480746656656,19.13493520639281
1807,ITA,7.833874411775823,9.867103335938591,17.700977747714415
1807,JPN,7.182815520203503,10.326776196798528,17.50959171700203
1807,NLD,8.2591333749958,7.732669318777516,15.991802693773316
1807,POL,6.634118114853603,9.19219911680695,15.826317231660553
1807,PRT,7.259882633420617,8.046616116522685,15.306498749943302
1807,SWE,7.20934025660291,7.775482057611987,14.984822314214897
1808,BEL,7.760178915273417,8.087423183265887,15.847602098539305
1808,CHN,6.809034984719126,12.74900008511189,19.558035069831014
1808,DEU,7.493488549778572,10.07212202696508,17.56561057674365
1808,ESP,7.342577979695958,9.376402600455279,16.718980580151236
1808,FRA,7.611921993975983,10.312243036288764,17.924165030264746
1808,GBR,8.086410275323782,9.872778895017245,17.959189170341027
1808,IND,6.905493124838908,12.226450653140525,19.131943777979433
1808,ITA,7.831773129220771,9.870576083805215,17.702349213025986
1808,JPN,7.182838303398871,10.327927449619201,17.51076575301807
1808,NLD,7.875499292445208,7.73438016133474,15.609879453779948
1808,POL,6.609761485538028,9.196803643616265,15.806565129154293
1808,PRT,7.276622031350374,8.050781664718766,15.32740369606914
1808,SWE,7.154615356913663,7.781431731048123,14.936047087961786
1809,BEL,7.761526456729392,8.091928004781849,15.853454461511241
1809,CHN,6.806270121163732,12.757462965861635,19.563733087025366
1809,DEU,7.515751225328294,10.076347180176938,17.592098405505233
1809,ESP,7.244047219739163,9.379155475594992,16.623202695334154
1809,FRA,7.606311982412007,10.31537067119508,17.921682653607085
1809,GBR,8.104401307921613,9.880346853204827,17.98474816112644
1809,IND,6.9005317899416605,12.228420559624393,19.128952349566053
1809,ITA,7.829667421978193,9.874048831671839,17.703716253650033
1809,JPN,7.1828610865942375,10.329078702439876,17.511939789034113
1809,NLD,7.894717611878997,7.736091003891964,15.630808615770961
1809,POL,6.585404856222453,9.20140817042558,15.786813026648034
1809,PRT,7.259121020783407,8.054947212914845,15.314068233698253
1809,SWE,7.107425474110705,7.7873814044842575,14.894806878594963
1810,BEL,7.762873998185367,8.096432826297809,15.859306824483177
1810,CHN,6.803505257608338,12.765925846611381,19.569431104219717
1810,DEU,7.560216238113764,10.080572333388798,17.64078857150256
1810,ESP,7.189989593515849,9.381908350734705,16.57189794425055
1810,FRA,7.55833344192774,10.318498306101395,17.876831748029133
1810,GBR,8.154212694914229,9.887914811392411,18.04212750630664
1810,IND,6.895570455044414,12.230390466108261,19.125960921152675
1810,ITA,7.827979657864473,9.877521579538463,17.705501237402935
1810,JPN,7.182883869789605,10.330229955260549,17.513113825050155
1810,NLD,7.913935931312787,7.737801846449188,15.651737777761976
1810,POL,6.5610482269068795,9.206012697234897,15.767060924141777
1810,PRT,7.070337796135599,8.059112761110926,15.129450557246525
1810,SWE,7.1853870155804165,7.793331077920393,14.97871809350081
1811,BEL,7.764221539641341,8.10093764781377,15.865159187455113
1811,CHN,6.801373937448183,12.774388727361126,19.57576266480931
1811,DEU,7.548625861397675,10.084797486600655,17.63342334799833
1811,ESP,7.142937051357703,9.384661225874419,16.527598277232123
1811,FRA,7.476078213527959,10.32162594100771,17.79770415453567
1811,GBR,8.130647968160584,9.895482769579996,18.02613073774058
1811,IND,6.890609120147166,12.232360372592131,19.122969492739298
1811,ITA,7.8254426586178845,9.880994327405087,17.706436986022972
1811,JPN,7.182906652984973,10.331381208081222,17.514287861066194
1811,NLD,7.933154250746576,7.739512689006412,15.67266693975299
1811,POL,6.536691597591305,9.210617224044212,15.747308821635517
1811,PRT,6.977640517469662,8.063278309307007,15.040918826776668
1811,SWE,7.256297239690681,7.799280751356528,15.055577991047208
1812,BEL,7.765569081097317,8.105442469329732,15.871011550427049
1812,CHN,6.799242617288028,12.782851608110873,19.5820942253989
1812,DEU,7.519009090842367,10.089022639812514,17.60803173065488
1812,ESP,7.18419508571213,9.387414101014132,16.571609186726263
1812,FRA,7.378574378338224,10.324753575914025,17.70332795425225
1812,GBR,8.073091199693154,9.903050727767578,17.97614192746073
1812,IND,6.885816536356292,12.234330279076,19.120146815432292
1812,ITA,7.8254426586178845,9.88446707527171,17.709909733889596
1812,JPN,7.18292943618034,10.332532460901897,17.515461897082236
1812,NLD,7.952372570180366,7.741223531563636,15.693596101744003
1812,POL,6.4967749901858625,9.215221750853527,15.711996741039389
1812,PRT,7.015912962763279,8.067443857503086,15.083356820266365
1812,SWE,7.191429330036379,7.805230424792663,14.996659754829043
1813,BEL,7.765569081097317,8.109947290845692,15.875516371943009
1813,CHN,6.7971112971278735,12.791314488860618,19.58842578598849
1813,DEU,7.474916520521822,10.093247793024373,17.568164313546195
1813,ESP,7.214244868699754,9.390166976153845,16.604411844853598
1813,FRA,7.527523941018212,10.32788121082034,17.855405151838553
1813,GBR,8.1101268019411,9.910618685955162,18.020745487896264
1813,IND,6.8810239525654175,12.236300185559868,19.117324138125284
1813,ITA,7.824595559880233,9.887939823138334,17.71253538301857
1813,JPN,7.182952219375708,10.33368371372257,17.51663593309828
1813,NLD,7.971590889614155,7.742934374120861,15.714525263735016
1813,POL,6.520621127558696,9.219826277662843,15.74044740522154
1813,PRT,7.1122359380948055,8.071609405699167,15.183845343793973
1813,SWE,7.20934025660291,7.811180098228799,15.020520354831708
1814,BEL,7.765569081097317,8.114452112361654,15.88002119345897
1814,CHN,6.794979976967719,12.799777369610364,19.594757346578085
1814,DEU,7.532765754420924,10.097472946236232,17.630238700657156
1814,ESP,7.265227185805156,9.39291985129356,16.658147037098715
1814,FRA,7.59607794669013,10.331008845726656,17.927086792416787
1814,GBR,8.07215530818825,9.918186644142745,17.990341952330994
1814,IND,6.876231368774543,12.238270092043736,19.11450146081828
1814,ITA,7.8254426586178845,9.891412571004958,17.716855229622844
1814,JPN,7.182975002571076,10.334834966543243,17.517809969114317
1814,NLD,7.990809209047945,7.7446452166780855,15.73545442572603
1814,POL,6.579251212010101,9.224430804472158,15.80368201648226
1814,PRT,7.143233643140695,8.075774953895248,15.219008597035943
1814,SWE,7.217443431696533,7.817129771664933,15.034573203361466
1815,BEL,7.765569081097317,8.118956933877616,15.884526014974933
1815,CHN,6.792848656807565,12.80824025036011,19.601088907167675
1815,DEU,7.558950462133809,10.10169809944809,17.660648561581898
1815,ESP,7.313194966346379,9.395672726433272,16.708867692779652
1815,FRA,7.487928938053474,10.334136480632973,17.822065418686446
1815,GBR,8.157370441186774,9.92575460233033,18.083125043517104
1815,IND,6.871438784983669,12.240239998527604,19.111678783511273
1815,ITA,7.825865939047485,9.894885318871582,17.72075125791907
1815,JPN,7.182997785766443,10.335986219363917,17.51898400513036
1815,NLD,8.010027528481734,7.74635605923531,15.756383587717043
1815,POL,6.597145701886651,9.229035331281473,15.826181033168124
1815,PRT,7.1906145762131,8.079940502091329,15.27055507830443
1815,SWE,7.252053951852814,7.823079445101069,15.075133396953884
1816,BEL,7.765569081097317,8.123461755393576,15.889030836490893
1816,CHN,6.79071733664741,12.816703131109856,19.607420467757265
1816,DEU,7.5116747842506735,10.105923252659949,17.61759803691062
1816,ESP,7.320423371418849,9.398425601572987,16.718848972991836
1816,FRA,7.367522574926433,10.337264115539288,17.70478669046572
1816,GBR,8.086410275323782,9.933322560517913,18.019732835841694
1816,IND,6.866646201192794,12.242209905011473,19.108856106204268
1816,ITA,7.823747742957893,9.898358066738206,17.7221058096961
1816,JPN,7.18302056896181,10.33713747218459,17.520158041146402
1816,NLD,7.9617188159813645,7.748066901792534,15.709785717773897
1816,POL,6.601230118728877,9.23363985809079,15.834869976819666
1816,PRT,7.224164532229342,8.084106050287408,15.308270582516752
1816,SWE,7.271008538280992,7.829029118537203,15.100037656818195
1817,BEL,7.765569081097317,8.127966576909538,15.893535658006854
1817,CHN,6.788586016487256,12.8251660118596,19.613752028346855
1817,DEU,7.465248243639791,10.110148405871808,17.5753966495116
1817,ESP,7.288321672920683,9.4011784767127,16.689500149633382
1817,FRA,7.2676267454440024,10.340391750445603,17.608018495889606
1817,GBR,8.087332926473351,9.940890518705496,18.028223445178845
1817,IND,6.86185361740192,12.244179811495343,19.106033428897263
1817,ITA,7.826289040386566,9.90183081460483,17.728119854991398
1817,JPN,7.183043352157178,10.338288725005263,17.52133207716244
1817,NLD,7.971776122880628,7.749777744349758,15.721553867230385
1817,POL,6.61472560020376,9.238244384900105,15.852969985103865
1817,PRT,7.22832104408243,8.08827159848349,15.316592642565919
1817,SWE,7.241366283322318,7.834978791973339,15.076345075295656
1818,BEL,7.765569081097317,8.1324713984255,15.898040479522816
1818,CHN,6.786454696327101,12.833628892609347,19.62008358893645
1818,DEU,7.532553931364269,10.114373559083667,17.646927490447936
1818,ESP,7.326679198738486,9.403931351852412,16.730610550590896
1818,FRA,7.381240347057113,10.343519385351918,17.72475973240903
1818,GBR,8.071218539969863,9.94845847689308,18.019677016862943
1818,IND,6.857061033611045,12.246149717979211,19.103210751590257
1818,ITA,7.833874411775822,9.905303562471452,17.739177974247276
1818,JPN,7.183066135352545,10.339439977825936,17.52250611317848
1818,NLD,7.9868449011613825,7.751488586906982,15.738333488068363
1818,POL,6.635946555686647,9.24284891170942,15.878795467396067
1818,PRT,7.289472525282012,8.09243714667957,15.381909671961582
1818,SWE,7.249215057114389,7.840928465409474,15.090143522523864
1819,BEL,7.765569081097317,8.13697621994146,15.902545301038776
1819,CHN,6.784323376166946,12.842091773359094,19.62641514952604
1819,DEU,7.579548325454835,10.118598712295524,17.69814703775036
1819,ESP,7.349516261957334,9.406684226992127,16.75620048894946
1819,FRA,7.414859615754149,10.346647020258233,17.76150663601238
1819,GBR,8.04012466444838,9.956026435080663,17.996151099529044
1819,IND,6.852268449820171,12.24811962446308,19.100388074283252
1819,ITA,7.834713690045818,9.908776310338077,17.743490000383893
1819,JPN,7.183088918547913,10.340591230646611,17.523680149194526
1819,NLD,7.939871576361883,7.753199429464206,15.693071005826088
1819,POL,6.674561391814426,9.247453438518736,15.922014830333161
1819,PRT,7.384782357919818,8.09660269487565,15.481385052795467
1819,SWE,7.240649694255466,7.846878138845609,15.087527833101074
1820,BEL,7.765569081097317,8.141481041457421,15.907050122554738
1820,CHN,6.782192056006791,12.850554654108839,19.63274671011563
1820,DEU,7.621251062759427,10.122823865507383,17.744074928266812
1820,ESP,7.35109927622614,9.40943710213184,16.76053637835798
1820,FRA,7.500587248728116,10.349774655164548,17.850361903892665
1820,GBR,8.10349427838097,9.963594393268247,18.067088671649216
1820,IND,6.8474758660292965,12.250089530946948,19.097565396976243
1820,ITA,7.833034428526097,9.9122490582047,17.7452834867308
1820,JPN,7.183111701743281,10.341742483467284,17.524854185210565
1820,NLD,8.00836557031292,7.75491027202143,15.76327584233435
1820,POL,6.706862336602747,9.252057965328051,15.958920301930798
1820,PRT,7.417836341635283,8.10076824307173,15.518604584707013
1820,SWE,7.254884810077338,7.8528278122817445,15.107712622359083
1821,BEL,7.770778233824052,8.150179269682326,15.920957503506378
1821,CHN,6.778024786366735,12.85764755017916,19.635672336545895
1821,DEU,7.630766063789036,10.136977395904482,17.76774345969352
1821,ESP,7.364039783434554,9.416052881560713,16.780092664995266
1821,FRA,7.576540269461251,10.356472176612268,17.93301244607352
1821,GBR,8.104099056143582,9.978177498167572,18.082276554311154
1821,IND,6.842683282238422,12.254110145566628,19.09679342780505
1821,ITA,7.8326141721635345,9.918671687861169,17.7512858600247
1821,JPN,7.1864326582011975,10.342806433400801,17.529239091601998
1821,NLD,7.988542982737695,7.768533300926033,15.757076283663729
1821,POL,6.726233402358747,9.25941285436524,15.985646256723985
1821,PRT,7.407379769252166,8.106514516255185,15.513894285507352
1821,SWE,7.284134806195205,7.862497197230545,15.14663200342575
1822,BEL,7.775987386550786,8.15908865466791,15.935076041218696
1822,CHN,6.773857516726678,12.86473707106573,19.638594587792408
1822,DEU,7.623471476653394,10.151128575450725,17.77460005210412
1822,ESP,7.3698287631187895,9.422706050118514,16.792534813237303
1822,FRA,7.536240577174,10.363598661757617,17.89983923893162
1822,GBR,8.106212902619962,9.991132062388175,18.097344965008137
1822,IND,6.843533446763955,12.258133645156633,19.10166709192059
1822,ITA,7.8326141721635345,9.925102262508537,17.75771643467207
1822,JPN,7.189753614659115,10.343869252547853,17.53362286720697
1822,NLD,7.9976631270201,7.783224016336037,15.780887143356138
1822,POL,6.745236349484363,9.266767743402426,16.012004092886787
1822,PRT,7.400471222320851,8.112227958349724,15.512699180670575
1822,SWE,7.289610521451167,7.874358824729881,15.163969346181048
1823,BEL,7.781196539277521,8.167919362957816,15.949115902235338
1823,CHN,6.769690247086621,12.871830643520733,19.641520890607353
1823,DEU,7.615234181611484,10.164658797946995,17.77989297955848
1823,ESP,7.390370494489978,9.429395577381786,16.819766071871765
1823,FRA,7.567207632850615,10.370518016302448,17.937725649153062
1823,GBR,8.119398589612294,10.004101822568721,18.123500412181016
1823,IND,6.844383611289486,12.26215520306644,19.106538814355925
1823,ITA,7.832193739111304,9.931491748945726,17.76368548805703
1823,JPN,7.193074571117032,10.344930943309528,17.53800551442656
1823,NLD,8.045908742270779,7.79770203551669,15.843610777787468
1823,POL,6.76849321164863,9.274122632439614,16.042615844088242
1823,PRT,7.381164255229357,8.117908942383155,15.49907319761251
1823,SWE,7.278628942320682,7.889084407035514,15.167713349356196
1824,BEL,7.786405692004256,8.176672771948455,15.963078463952712
1824,CHN,6.765522977446564,12.878920175298223,19.64444315274479
1824,DEU,7.666335873914541,10.177590342447465,17.843926216362007
1824,ESP,7.398993237065586,9.436040652072082,16.83503388913767
1824,FRA,7.593783204188696,10.377452077068984,17.97123528125768
1824,GBR,8.158229916959494,10.017128689025176,18.17535860598467
1824,IND,6.845233775815018,12.266174777931607,19.111408553746625
1824,ITA,7.836808809186387,9.937937287265354,17.774746096451743
1824,JPN,7.196395527574949,10.345991508079278,17.542387035654226
1824,NLD,8.039157390473237,7.813591552952433,15.85274894342567
1824,POL,6.78897174299217,9.2814775214768,16.07044926446897
1824,PRT,7.3383220296080705,8.12355783506165,15.46187986466972
1824,SWE,7.304515946460155,7.903965634032166,15.208481580492322
1825,BEL,7.79161484473099,8.185628891147607,15.977243735878597
1825,CHN,6.761355707806508,12.886012998602837,19.647368706409345
1825,DEU,7.669048528127433,10.19054442959399,17.859592957721425
1825,ESP,7.295015863559723,9.442641861075158,16.73765772463488
1825,FRA,7.548695060485822,10.384369299929046,17.933064360414868
1825,GBR,8.166500319155052,10.030032093861085,18.196532413016136
1825,IND,6.8460839403405505,12.270197018420196,19.116280958760747
1825,ITA,7.840568997448036,9.944341546544393,17.78491054399243
1825,JPN,7.199716484032866,10.34701886145075,17.546735345483615
1825,NLD,8.013674142832684,7.829630389150193,15.843304531982877
1825,POL,6.799055862058796,9.288832410513988,16.087888272572783
1825,PRT,7.314974409139663,8.129469764784231,15.444444173923895
1825,SWE,7.3310603052186325,7.918992488165245,15.250052793383878
1826,BEL,7.796823997457725,8.194229304819817,15.991053302277543
1826,CHN,6.75718843816645,12.893103660422375,19.650292098588825
1826,DEU,7.670819437671711,10.20225792197333,17.87307735964504
1826,ESP,7.369829477525742,9.449278529189034,16.819108006714774
1826,FRA,7.575006791669359,10.390163916069115,17.965170707738473
1826,GBR,8.098642843759418,10.043075566743182,18.141718410502598
1826,IND,6.846934104866083,12.274221827878181,19.121155932744266
1826,ITA,7.838899547978495,9.950752745003243,17.78965229298174
1826,JPN,7.2030374404907835,10.348077215328342,17.551114655819127
1826,NLD,8.028781162487148,7.841099765422119,15.869880927909268
1826,POL,6.804614520062624,9.296187299551175,16.1008018196138
1826,PRT,7.351252245475303,8.13505390861157,15.486306154086872
1826,SWE,7.3343293503005365,7.933079771880415,15.26740912218095
1827,BEL,7.80203315018446,8.20303024171486,16.00506339189932
1827,CHN,6.753021168526393,12.900196848648102,19.653218017174495
1827,DEU,7.649808244498388,10.212772102170323,17.86258034666871
1827,ESP,7.3883606354525035,9.455949668006056,16.84431030345856
1827,FRA,7.553916207073572,10.395955704265866,17.949871911339436
1827,GBR,8.160232492367689,10.055135102145268,18.215367594512955
1827,IND,6.847784269391615,12.278239806957162,19.126024076348777
1827,ITA,7.835971288199407,9.957170489452313,17.79314177765172
1827,JPN,7.2063583969487,10.349166470257595,17.555524867206294
1827,NLD,8.086410275323782,7.848153086199526,15.934563361523308
1827,POL,6.825460036255307,9.303542188588363,16.12900222484367
1827,PRT,7.2974528065335384,8.140898460607852,15.43835126714139
1827,SWE,7.284820912568604,7.943072717277933,15.227893629846537
1828,BEL,7.807242302911194,8.212025804623437,16.019268107534632
1828,CHN,6.7488538988863365,12.907287197167879,19.656141096054213
1828,DEU,7.623686708274498,10.223394772282646,17.847081480557144
1828,ESP,7.3822564805871265,9.462576597493666,16.844833078080793
1828,FRA,7.54759124558372,10.401744520626263,17.949335766209984
1828,GBR,8.149312843635345,10.067305637765523,18.216618481400868
1828,IND,6.848634433917146,12.282264872686039,19.130899306603183
1828,ITA,7.833454508347439,9.963594393268247,17.797048901615685
1828,JPN,7.209679353406617,10.350222554842508,17.559901908249124
1828,NLD,8.107418811719974,7.85748078694253,15.964899598662504
1828,POL,6.848005274576363,9.310897077625551,16.158902352201913
1828,PRT,7.306815008001203,8.146709052203319,15.453524060204522
1828,SWE,7.303843225277705,7.950502434808851,15.254345660086557
1829,BEL,7.812451455637929,8.220672170297252,16.033123625935183
1829,CHN,6.74468662924628,12.914379337847942,19.65906596709422
1829,DEU,7.634843635808791,10.233043066543942,17.867886702352735
1829,ESP,7.400180801991036,9.46923709299621,16.869417894987244
1829,FRA,7.573401801555423,10.407530224005287,17.980932025560712
1829,GBR,8.144098463338524,10.079413702241222,18.22351216557975
1829,IND,6.849484598442679,12.28628303145262,19.135767629895298
1829,ITA,7.8305102370301904,9.970024076336372,17.800534313366562
1829,JPN,7.213000309864534,10.351277525289294,17.564277835153828
1829,NLD,8.109224953089955,7.867105500316739,15.976330453406693
1829,POL,6.859614903654202,9.318251966662737,16.17786687031694
1829,PRT,7.406632712099397,8.15248607578024,15.559118787879637
1829,SWE,7.317212408359839,7.956827122090111,15.27403953044995
1830,BEL,7.8176606083646645,8.229511118964457,16.047171727329122
1830,CHN,6.740519359606223,12.921470435024938,19.66198979463116
1830,DEU,7.622947885071243,10.241565641942437,17.864513527013678
1830,ESP,7.415991382577221,9.475853519656901,16.891844902234123
1830,FRA,7.54863538994165,10.413312675968536,17.961948065910185
1830,GBR,8.174702882469461,10.09158406877277,18.26628695124223
1830,IND,6.850334762968211,12.290308089848029,19.140642852816242
1830,ITA,7.829245747925983,9.976412682550684,17.80565843047667
1830,JPN,7.216321266322452,10.352331383946238,17.56865265026869
1830,NLD,8.018954683155718,7.87587915949631,15.894833842652027
1830,POL,6.848005274576363,9.325606855699926,16.17361213027629
1830,PRT,7.4506708269369435,8.157943507105037,15.608614334041981
1830,SWE,7.291656209174461,7.964155718840937,15.255811928015397
1831,BEL,7.822869761091399,8.238008249218403,16.0608780103098
1831,CHN,6.7408733422767355,12.92220121928181,19.663074561558545
1831,DEU,7.615340820431186,10.250016196420983,17.86535701685217
1831,ESP,7.411813586777445,9.482502632769927,16.89431621954737
1831,FRA,7.562537942117659,10.417478162445276,17.980016104562935
1831,GBR,8.173293438966228,10.10368995654877,18.276983395514996
1831,IND,6.851184927493743,12.294326167404991,19.145511094898733
1831,ITA,7.828401866019362,9.982853107916869,17.81125497393623
1831,JPN,7.219642222780369,10.353384133154211,17.57302635593458
1831,NLD,8.090708716083997,7.88344635413774,15.974155070221737
1831,POL,6.834108738813838,9.332961744737112,16.16707048355095
1831,PRT,7.379607689013379,8.163940954755008,15.543548643768386
1831,SWE,7.311218384419629,7.970740390007095,15.281958774426723
1832,BEL,7.828078913818134,8.246433786160365,16.0745126999785
1832,CHN,6.741227324947248,12.922931469883014,19.664158794830264
1832,DEU,7.636869370323565,10.25888668297081,17.895756053294374
1832,ESP,7.347186786710447,9.48918349576076,16.836370282471208
1832,FRA,7.645742201374589,10.42222182037016,18.06796402174475
1832,GBR,8.192016914536875,10.113910539440958,18.305927453977834
1832,IND,6.851079051358919,12.298350961148403,19.149430012507324
1832,ITA,7.826711962786611,9.989252319496922,17.81596428228353
1832,JPN,7.222963179238286,10.354435775246705,17.57739895448499
1832,NLD,8.136518252115291,7.887959336599945,16.024477588715236
1832,POL,6.827629234502852,9.3403166337743,16.16794586827715
1832,PRT,7.329974859315668,8.16961956172385,15.499594421039518
1832,SWE,7.284134806195205,7.976595409316577,15.260730215511781
1833,BEL,7.833288066544869,8.254788926148725,16.088076992693594
1833,CHN,6.741581307617761,12.923663627241687,19.665244934859448
1833,DEU,7.669511573252298,10.268165387743457,17.937676960995756
1833,ESP,7.371394559922288,9.495820020872763,16.86721458079505
1833,FRA,7.6267719607602595,10.425787098375746,18.052559059136005
1833,GBR,8.188411308079031,10.1241079233059,18.312519231384933
1833,IND,6.8509731752240945,12.302373243799078,19.153346419023173
1833,ITA,7.829245747925983,9.995702036523939,17.824947784449922
1833,JPN,7.226284135696202,10.355486312549846,17.581770448246047
1833,NLD,8.114025442356757,7.894690850425624,16.00871629278238
1833,POL,6.824373670043086,9.347671522811487,16.172045192854572
1833,PRT,7.259059780466499,8.17526610411206,15.43432588457856
1833,SWE,7.315218389752975,7.9865049385539955,15.30172332830697
1834,BEL,7.838497219271603,8.263332667439967,16.10182988671157
1834,CHN,6.741935290288273,12.924392811088067,19.66632810137634
1834,DEU,7.681975694708488,10.277496392686066,17.959472087394552
1834,ESP,7.355355138231515,9.502412792729256,16.857767930960772
1834,FRA,7.628271962038366,10.429960121878297,18.058232083916664
1834,GBR,8.19946419761216,10.134361149912248,18.33382534752441
1834,IND,6.85086729908927,12.306392980791559,19.15726027988083
1834,ITA,7.832193739111304,10.002110421141213,17.834304160252515
1834,JPN,7.22960509215412,10.35656753125214,17.58617262340626
1834,NLD,8.122668023346407,7.903596289614301,16.026264312960706
1834,POL,6.827629234502852,9.355026411848675,16.182655646351527
1834,PRT,7.29025475835989,8.153349757998892,15.443604516358782
1834,SWE,7.3277805384216315,7.9966538754626075,15.324434413884239
1835,BEL,7.843706371998338,8.271804031154709,16.115510403153046
1835,CHN,6.742289272958786,12.925123899687136,19.667413172645922
1835,DEU,7.682712924585385,10.288409759412962,17.971122683998345
1835,ESP,7.361255218287932,9.509110741413384,16.870365959701317
1835,FRA,7.6611871168478585,10.4341158035983,18.09530292044616
1835,GBR,8.258681496264236,10.144549604352683,18.40323110061692
1835,IND,6.850761422954446,12.310414642674072,19.161176065628517
1835,ITA,7.83639013637307,10.00852301537001,17.84491315174308
1835,JPN,7.232926048612037,10.357615832623573,17.59054188123561
1835,NLD,8.11969625295725,7.912789220690681,16.03248547364793
1835,POL,6.818924065275521,9.362381300885863,16.181305366161382
1835,PRT,7.275368019694024,8.187299270155147,15.462667289849172
1835,SWE,7.324489979348532,8.007700012884026,15.332189992232557
1836,BEL,7.848915524725072,8.280204233279974,16.129119758005046
1836,CHN,6.7426432556292974,12.925854454186116,19.668497709815412
1836,DEU,7.684039649666257,10.29896966259089,17.983009312257145
1836,ESP,7.338005245044606,9.51569044208137,16.853695687125978
1836,FRA,7.644668682632695,10.439337441206854,18.08400612383955
1836,GBR,8.278174290943738,10.154829758209017,18.433004049152757
1836,IND,6.850655546819622,12.314438141708187,19.16509368852781
1836,ITA,7.833874411775823,10.014939477830271,17.848813889606095
1836,JPN,7.236247005069954,10.358663036209952,17.594910041279906
1836,NLD,8.15248607578024,7.923710333969238,16.07619640974948
1836,POL,6.815639990074331,9.36973618992305,16.18537617999738
1836,PRT,7.266247131627865,8.193400231952097,15.459647363579961
1836,SWE,7.355641102974253,8.020270472819238,15.375911575793491
1837,BEL,7.854124677451807,8.288534459413917,16.142659136865724
1837,CHN,6.74299723829981,12.926586907877784,19.669584146177595
1837,DEU,7.682126841523146,10.309385900115851,17.991512741638996
1837,ESP,7.345807503963889,9.522373535291795,16.868181039255685
1837,FRA,7.658589691660292,10.444561061459837,18.10315075312013
1837,GBR,8.257644958208228,10.164620289754373,18.4222652479626
1837,IND,6.8505496706847975,12.318458922624307,19.169008593309105
1837,ITA,7.8342941389593195,10.021359473131017,17.855653612090336
1837,JPN,7.239567961527872,10.359740827476397,17.59930878900427
1837,NLD,8.175547596021026,7.934155233536322,16.10970282955735
1837,POL,6.827629234502852,9.377091078960238,16.20472031346309
1837,PRT,7.360707299667289,8.19946419761216,15.560171497279448
1837,SWE,7.348587530927593,8.028781162487148,15.377368693414741
1838,BEL,7.859333830178542,8.297045149081827,16.156378979260367
1838,CHN,6.743351220970323,12.927316394740465,19.670667615710787
1838,DEU,7.657351550584422,10.321045908331676,17.9783974589161
1838,ESP,7.336773909574905,9.529012261114708,16.865786170689613
1838,FRA,7.701039157637981,10.449786492109144,18.150825649747127
1838,GBR,8.284756593190435,10.174392167248598,18.459148760439035
1838,IND,6.850443794549973,12.322481403966723,19.172925198516694
1838,ITA,7.829667421978193,10.027782671807735,17.85745009378593
1838,JPN,7.2428889179857885,10.36078580928431,17.6036747272701
1838,NLD,8.185907481482324,7.944846711001996,16.13075419248432
1838,POL,6.825460036255307,9.384445967997424,16.20990600425273
1838,PRT,7.371438085125233,8.205491613120236,15.576929698245468
1838,SWE,7.332369205929062,8.03365842788615,15.366027633815213
1839,BEL,7.864542982905276,8.305484017727691,16.170027000632967
1839,CHN,6.743705203640835,12.928047778801925,19.67175298244276
1839,DEU,7.658731915866138,10.333515183472544,17.992247099338684
1839,ESP,7.362230484108812,9.535679435605061,16.897909919713875
1839,FRA,7.663305458254464,10.455013563428494,18.118319021682957
1839,GBR,8.263848131368906,10.184258296685131,18.44810642805404
1839,IND,6.850337918415149,12.3265010679524,19.17683898636755
1839,ITA,7.828823895989754,10.034208750259138,17.863032646248893
1839,JPN,7.246209874443705,10.361861316299695,17.608071190743402
1839,NLD,8.185350223178686,7.9561263512135,16.141476574392186
1839,POL,6.816735880594968,9.391800857034612,16.20853673762958
1839,PRT,7.395445856724726,8.211482916445066,15.606928773169791
1839,SWE,7.343426229147367,8.038512020976814,15.38193825012418
1840,BEL,7.8697521356320115,8.313852267398207,16.18360440303022
1840,CHN,6.744059186311348,12.928778628331663,19.67283781464301
1840,DEU,7.679642503998103,10.345798761764955,18.025441265763057
1840,ESP,7.4123395469090445,9.54230245311951,16.954642000028553
1840,FRA,7.730065989208231,10.460242108190519,18.19030809739875
1840,GBR,8.29853954537488,10.19410281896535,18.492642364340227
1840,IND,6.850232042280325,12.330522298716764,19.18075434099709
1840,ITA,7.829245747925983,10.040593797754127,17.869839545680108
1840,JPN,7.249530830901622,10.362904085736766,17.61243491663839
1840,NLD,8.195057690895077,7.9676267393338165,16.162684430228893
1840,POL,6.810142450115136,9.399155746071798,16.209298196186936
1840,PRT,7.315074357956409,8.21716859576607,15.532242953722479
1840,SWE,7.357556200910353,8.046549357283078,15.404105558193432
1841,BEL,7.8749612883587465,8.32239411311117,16.197355401469917
1841,CHN,6.745113677629009,12.928778628331663,19.67389230596067
1841,DEU,7.710047625035935,10.356948858912547,18.066996483948483
1841,ESP,7.414198468921611,9.548953173096507,16.96315164201812
1841,FRA,7.749650983460232,10.46478763553565,18.21443861899588
1841,GBR,8.267192185932146,10.20374028216176,18.470932468093906
1841,IND,6.8501261661455,12.33454501283875,19.184671178984253
1841,ITA,7.829667421978193,10.047024967532325,17.876692389510517
1841,JPN,7.25285178735954,10.363977318163013,17.61682910552255
1841,NLD,8.204671828950811,7.979681302387741,16.184353131338554
1841,POL,6.825460036255307,9.406510635108987,16.231970671364294
1841,PRT,7.296073349696281,8.220133957151859,15.51620730684814
1841,SWE,7.3453648404168685,8.057060681965766,15.402425522382634
1842,BEL,7.880170441085481,8.33110454805304,16.21127498913852
1842,CHN,6.746168168946671,12.928778628331663,19.674946797278334
1842,DEU,7.692869643502074,10.366812680153265,18.059682323655338
1842,ESP,7.380943978327631,9.555559953069064,16.936503931396693
1842,FRA,7.723100534679483,10.469312594520723,18.192413129200204
1842,GBR,8.244859395911256,10.213799135235694,18.458658531146952
1842,IND,6.850478713594454,12.33856474828002,19.189043461874473
1842,ITA,7.826711962786611,10.053458079112422,17.880170041899035
1842,JPN,7.256172743817457,10.365017884577242,17.6211906283947
1842,NLD,8.18004072349016,7.990238185720363,16.170278909210523
1842,POL,6.821107472256465,9.413865524146173,16.23497299640264
1842,PRT,7.325776017938846,8.223090551161533,15.54886656910038
1842,SWE,7.297091005160418,8.06777619577889,15.364867200939308
1843,BEL,7.885379593812216,8.339739766019143,16.22511935983136
1843,CHN,6.747222660264332,12.928778628331663,19.676001288595995
1843,DEU,7.650912810260801,10.376175076911021,18.027087887171824
1843,ESP,7.380623505513015,9.562193710635698,16.942817216148715
1843,FRA,7.770506643562688,10.473845437003453,18.24435208056614
1843,GBR,8.281470857895167,10.22234120367599,18.503812061571157
1843,IND,6.850831261043407,12.342585838167148,19.193417099210556
1843,ITA,7.827134706398909,10.059850070159987,17.886984776558897
1843,JPN,7.259493700275374,10.366088852015102,17.625582552290474
1843,NLD,8.162516250140179,8.000014093678072,16.16253034381825
1843,POL,6.816735880594968,9.421220413183361,16.23795629377833
1843,PRT,7.338106743032356,8.226305988015508,15.564412731047863
1843,SWE,7.318539548567902,8.0774471493312,15.395986697899101
1844,BEL,7.890588746538951,8.348301054933943,16.238889801472894
1844,CHN,6.748277151581994,12.928778628331663,19.67705577991366
1844,DEU,7.668224047439545,10.385728499446342,18.05395254688589
1844,ESP,7.349947437866302,9.568853625188556,16.918801063054858
1844,FRA,7.801490712654754,10.478385964002708,18.279876676657462
1844,GBR,8.353497098745448,10.232251585714021,18.585748684459467
1844,IND,6.85118380849236,12.346608201632531,19.197792010124893
1844,ITA,7.8401518962949615,10.06628644284122,17.90643833913618
1844,JPN,7.2628146567332905,10.367127224695365,17.629941881428657
1844,NLD,8.17188200612782,8.01102337918644,16.18290538531426
1844,POL,6.818924065275521,9.42857530222055,16.24749936749607
1844,PRT,7.400154613365558,8.229244416735913,15.629399030101471
1844,SWE,7.360739903058278,8.08825472712243,15.448994630180708
1845,BEL,7.895797899265685,8.356789669923213,16.252587569188897
1845,CHN,6.749331642899655,12.928778628331663,19.67811027123132
1845,DEU,7.677017754639033,10.396444477759635,18.07346223239867
1845,ESP,7.395489911299933,9.575469478561473,16.970959389861406
1845,FRA,7.76596105008823,10.48290596776773,18.24886701785596
1845,GBR,8.386400901166214,10.241387341148526,18.62778824231474
1845,IND,6.851536355941313,12.350631758712117,19.202168114653432
1845,ITA,7.840985924700272,10.072681653422581,17.913667578122855
1845,JPN,7.266135613191208,10.36819593668493,17.634331549876137
1845,NLD,8.164794804244766,8.021912778985708,16.186707583230472
1845,POL,6.837332814685591,9.435930191257736,16.273263005943328
1845,PRT,7.398735672178182,8.23217423638394,15.630909908562122
1845,SWE,7.383989457978509,8.100464891029363,15.484454349007873
1846,BEL,7.90100705199242,8.3654396361887,16.26644668818112
1846,CHN,6.750386134217316,12.928778628331663,19.67916476254898
1846,DEU,7.643316925654746,10.406049122883656,18.049366048538403
1846,ESP,7.412521752371197,9.58211080356025,16.994632555931446
1846,FRA,7.7648494400868255,10.486512900336537,18.251362340423363
1846,GBR,8.374246182096304,10.249627194559478,18.62387337665578
1846,IND,6.8518889033902655,12.354652120691044,19.20654102408131
1846,ITA,7.839317171705593,10.079120121179287,17.91843729288488
1846,JPN,7.269456569649125,10.369263507748395,17.63872007739752
1846,NLD,8.166500319155052,8.029107054619736,16.195607373774788
1846,POL,6.8501261661455,9.443285080294924,16.293411246440424
1846,PRT,7.329315844981835,8.235095497258357,15.564411342240192
1846,SWE,7.348587530927593,8.110727582974489,15.459315113902083
1847,BEL,7.940583827104244,8.374015421739909,16.314599248844154
1847,CHN,6.751440625534978,12.928778628331663,19.680219253866643
1847,DEU,7.63264735566465,10.411238454185042,18.04388580984969
1847,ESP,7.373225489963505,9.588776807696428,16.962002297659932
1847,FRA,7.865840233367419,10.490134679522582,18.35597491289
1847,GBR,8.350902451694811,10.244165219639852,18.59506767133466
1847,IND,6.852241450839219,12.358673553652824,19.210915004492044
1847,ITA,7.838481749768951,10.085517400120422,17.923999149889372
1847,JPN,7.269496614638886,10.370329940319197,17.639826554958084
1847,NLD,8.173293438966228,8.029758520440822,16.20305195940705
1847,POL,6.862757913051401,9.45063996933211,16.313397882383512
1847,PRT,7.25114327655186,8.23827262463303,15.489415901184891
1847,SWE,7.374001859350161,8.117312461601975,15.491314320952135
1848,BEL,7.935945103353701,8.382747094863314,16.318692198217015
1848,CHN,6.752495116852639,12.928778628331663,19.681273745184303
1848,DEU,7.697375041616567,10.412982291067124,18.11035733268369
1848,ESP,7.3876630882236665,9.595398670306684,16.98306175853035
1848,FRA,7.798914354371069,10.493743388746434,18.292657743117502
1848,GBR,8.380456667842767,10.228573785361645,18.60903045320441
1848,IND,6.852593998288172,12.362695980111178,19.21528997839935
1848,ITA,7.838481749768951,10.091956839916318,17.930438589685266
1848,JPN,7.269536659628647,10.37136392076569,17.640900580394337
1848,NLD,8.189244525735901,8.029107054619736,16.218351580355638
1848,POL,6.866933284461882,9.457994858369299,16.32492814283118
1848,PRT,7.31087284257044,8.24117615049496,15.5520489930654
1848,SWE,7.385230923066573,8.125630988477065,15.510861911543639
1849,BEL,7.9561263512135,8.391176350832751,16.34730270204625
1849,CHN,6.753549608170301,12.928778628331663,19.682328236501967
1849,DEU,7.7355532007841035,10.417866854501417,18.153420055285522
1849,ESP,7.4013964399192815,9.60204456483431,17.00344100475359
1849,FRA,7.8262670382426895,10.497339122000497,18.323606160243187
1849,GBR,8.394347361417392,10.219356126832537,18.61370348824993
1849,IND,6.852946545737125,12.366719323458275,19.2196658691954
1849,ITA,7.839317171705593,10.098355078498601,17.937672250204194
1849,JPN,7.269576704618409,10.3724281169286,17.642004821547008
1849,NLD,8.21851757748959,8.031385330625534,16.249902908115125
1849,POL,6.866933284461882,9.465349747406485,16.332283031868368
1849,PRT,7.3265761849225095,8.24380842366528,15.57038460858779
1849,SWE,7.421775793644647,8.137103389639302,15.558879183283949
1850,BEL,7.987524479848767,8.400434630806041,16.38795911065481
1850,CHN,6.754604099487962,12.928778628331663,19.683382727819627
1850,DEU,7.730174795246222,10.426617170758282,18.156791966004505
1850,ESP,7.4401084688028645,9.60871372627059,17.048822195073456
1850,FRA,7.841896737783896,10.500949482961666,18.342846220745564
1850,GBR,8.37378460812088,10.21027347878698,18.58405808690786
1850,IND,6.853299093186078,12.370739267085408,19.224038360271486
1850,ITA,7.8401518962949615,10.104794409241164,17.944946305536124
1850,JPN,7.269616749608169,10.373491181781864,17.643107931390034
1850,NLD,8.237214703349489,8.038512020976814,16.275726724326304
1850,POL,6.892641641172089,9.472704636443673,16.365346277615764
1850,PRT,7.292934342967033,8.246958032568177,15.53989237553521
1850,SWE,7.44716835960004,8.149601735736155,15.596770095336195
1851,BEL,8.00836557031292,8.406708458240965,16.415074028553885
1851,CHN,6.759433140888252,12.919901968460284,19.679335109348536
1851,DEU,7.716015266642587,10.435732143675418,18.151747410318006
1851,ESP,7.449161834557286,9.614070642790631,17.063232477347917
1851,FRA,7.823583077009978,10.504492031531843,18.32807510854182
1851,GBR,8.406708458240965,10.201553030367597,18.608261488608562
1851,IND,6.853299093186078,12.37426147074707,19.22756056393315
1851,ITA,7.840985924700272,10.111192540161147,17.95217846486142
1851,JPN,7.274394918428811,10.377171899621436,17.65156681805025
1851,NLD,8.251663923605589,8.049746290952191,16.30141021455778
1851,POL,6.945051063725834,9.485719191996276,16.43077025572211
1851,PRT,7.29226957866386,8.249836485425702,15.542106064089563
1851,SWE,7.427738840532894,8.160518247477505,15.588257088010398
1852,BEL,8.028455164114252,8.41316512099219,16.441620285106442
1852,CHN,6.76426218228854,12.911022400875927,19.67528458316447
1852,DEU,7.728855823852543,10.442609045456965,18.17146486930951
1852,ESP,7.486522776805592,9.619465440915834,17.105988217721425
1852,FRA,7.883423707977059,10.508049390799949,18.391473098777006
1852,GBR,8.439447842791385,10.206403005628498,18.645850848419883
1852,IND,6.847763225164964,12.377779734314027,19.22554295947899
1852,ITA,7.840151896294962,10.117630721653038,17.957782617948
1852,JPN,7.279173087249454,10.380839119444403,17.660012206693857
1852,NLD,8.240121298076472,8.06054004653864,16.30066134461511
1852,POL,6.967909201801884,9.498733747548881,16.466642949350764
1852,PRT,7.291604814360687,8.252967195000798,15.544572009361485
1852,SWE,7.405495663199472,8.16876982367527,15.574265486874742
1853,BEL,8.047829357457841,8.419359831067474,16.467189188525317
1853,CHN,6.76909122368883,12.902145542006323,19.671236765695152
1853,DEU,7.719573989259581,10.446451173829926,18.166025163089508
1853,ESP,7.4865202838629,9.62483129129166,17.111351575154558
1853,FRA,7.830045267167875,10.511594140108,18.341639407275874
1853,GBR,8.46252579007393,10.212735402902469,18.6752611929764
1853,IND,6.842227357143849,12.381298252180901,19.22352560932475
1853,ITA,7.843483844400439,10.124027717980223,17.96751156238066
1853,JPN,7.283951256070096,10.38449293988964,17.668444195959736
1853,NLD,8.21716859576607,8.069029328774958,16.286197924541028
1853,POL,7.010311867307229,9.511748303101484,16.522060170408714
1853,PRT,7.290940050057514,8.25582842728183,15.546768477339345
1853,SWE,7.418780882750794,8.17526610411206,15.594046986862853
1854,BEL,8.101677747454572,8.425735580927402,16.527413328381975
1854,CHN,6.773920265089118,12.893267143980694,19.66718740906981
1854,DEU,7.7406644019172415,10.449612750289052,18.190277152206292
1854,ESP,7.496350250082213,9.630168502920114,17.126518753002326
1854,FRA,7.873585704933432,10.515126368538702,18.388712073472135
1854,GBR,8.498825534058053,10.219975716829579,18.71880125088763
1854,IND,6.8366914891227335,12.384821159937346,19.22151264906008
1854,ITA,7.843067957515676,10.130463749870515,17.97353170738619
1854,JPN,7.288729424890738,10.388164253807057,17.676893678697795
1854,NLD,8.27664912542186,8.076515327552329,16.35316445297419
1854,POL,7.0326242610280065,9.52476285865409,16.557387119682097
1854,PRT,7.2902752857543405,8.257904193465674,15.548179479220014
1854,SWE,7.429520842786462,8.184792654165078,15.614313496951539
1855,BEL,8.101980731853192,8.432070937999402,16.534051669852595
1855,CHN,6.7787493064894075,12.884390411844118,19.663139718333525
1855,DEU,7.724446645633537,10.451204254885868,18.175650900519404
1855,ESP,7.543850393626734,9.63554274576738,17.179393139394115
1855,FRA,7.854765586316138,10.51867319162636,18.3734387779425
1855,GBR,8.465478755729558,10.229079383061112,18.69455813879067
1855,IND,6.831155621101619,12.388340034190394,19.219495655292015
1855,ITA,7.851765465232162,10.136858624005773,17.988624089237934
1855,JPN,7.2935075937113805,10.391852820371936,17.685360414083316
1855,NLD,8.249052274171293,8.081784206935001,16.330836481106296
1855,POL,7.057897937411856,9.537777414206692,16.59567535161855
1855,PRT,7.289610521451167,8.260234291607297,15.549844813058463
1855,SWE,7.488852955733459,8.195609567288775,15.684462523022233
1856,BEL,8.148734808937169,8.438366410870266,16.587101219807437
1856,CHN,6.783578347889697,12.875510979443312,19.65908932733301
1856,DEU,7.799753318287247,10.454927149187373,18.25468046747462
1856,ESP,7.494156832195193,9.64088826045181,17.135045092647005
1856,FRA,7.896107956229218,10.520293499839351,18.41640145606857
1856,GBR,8.519789817263504,10.239173766036377,18.75896358329988
1856,IND,6.825619753080504,12.391859026216611,19.217478779297117
1856,ITA,7.848874693035316,10.143291544743445,17.99216623777876
1856,JPN,7.298285762532022,10.395497262044477,17.6937830245765
1856,NLD,8.28828304520769,8.087332926473351,16.375615971681043
1856,POL,7.055312843339752,9.550791969759297,16.606104813099048
1856,PRT,7.282877944061704,8.262300941787448,15.545178885849152
1856,SWE,7.479299637782834,8.204398418149381,15.683698055932215
1857,BEL,8.16735198705607,8.444837529224097,16.612189516280168
1857,CHN,6.788407389289985,12.866634648992429,19.655042038282414
1857,DEU,7.840312983320164,10.462503160399518,18.30281614371968
1857,ESP,7.463953967299176,9.645687854566217,17.109641821865395
1857,FRA,7.950050169392149,10.521911186900137,18.471961356292287
1857,GBR,8.520985989654934,10.246580679751457,18.767566669406392
1857,IND,6.82008388505939,12.395382229091753,19.21546611415114
1857,ITA,7.846804727485609,10.149722435073736,17.996527162559346
1857,JPN,7.303063931352664,10.399189386156271,17.702253317508934
1857,NLD,8.27052509505507,8.094683648698815,16.365208743753886
1857,POL,7.075808863978387,9.5638065253119,16.639615389290288
1857,PRT,7.2761453666722415,8.265907334155747,15.542052700827988
1857,SWE,7.506042178518122,8.210668031162976,15.716710209681098
1858,BEL,8.167919362957816,8.451053388911692,16.618972751869507
1858,CHN,6.793236430690275,12.857757001281989,19.650993431972264
1858,DEU,7.827639546366422,10.471014819171423,18.298654365537843
1858,ESP,7.483451394398501,9.650271316965625,17.133722711364126
1858,FRA,8.015872096317239,10.523526261275435,18.539398357592674
1858,GBR,8.492695559815838,10.254918772151807,18.747614331967647
1858,IND,6.814548017038275,12.398901308842024,19.213449325880298
1858,ITA,7.84431509964365,10.156112233172507,18.00042733281616
1858,JPN,7.307842100173307,10.402837582827095,17.7106796830004
1858,NLD,8.242756345714477,8.099857910737585,16.342614256452062
1858,POL,7.1204443723924875,9.576821080864505,16.697265453256993
1858,PRT,7.269412789282778,8.275121630216509,15.544534419499286
1858,SWE,7.518064181233078,8.219056661060598,15.737120842293677
1859,BEL,8.161089512845797,8.457443187010464,16.61853269985626
1859,CHN,6.798065472090563,12.84887870981602,19.646944181906584
1859,DEU,7.822044008185619,10.481027453764323,18.30307146194994
1859,ESP,7.528937279294144,9.654000025882317,17.18293730517646
1859,FRA,7.946943759936711,10.525138731391003,18.472082491327715
1859,GBR,8.523374050491318,10.263257701382162,18.78663175187348
1859,IND,6.80901214901716,12.40242037405722,19.21143252307438
1859,ITA,7.841819258081831,10.162538642188757,18.004357900270588
1859,JPN,7.312620268993949,10.406532988983157,17.719153257977105
1859,NLD,8.206583614320753,8.102889134640868,16.30947274896162
1859,POL,7.16703787691222,9.589835636417108,16.756873513329328
1859,PRT,7.262680211893315,8.284756593190435,15.54743680508375
1859,SWE,7.552762084214147,8.232440158470336,15.785202242684484
1860,BEL,8.203851372183879,8.463792414689122,16.667643786873
1860,CHN,6.802894513490853,12.840000466430148,19.642894979921
1860,DEU,7.868254265520613,10.492634403077314,18.360888668597926
1860,ESP,7.5641204523138015,9.657714883161557,17.221835335475358
1860,FRA,8.011686729127847,10.526748605631907,18.538435334759754
1860,GBR,8.534246945982066,10.271181562957294,18.805428508939357
1860,IND,6.803476280996045,12.405943475730835,19.20941975672688
1860,ITA,7.839317171705593,10.168962358863777,18.008279530569368
1860,JPN,7.317398437814591,10.410184665718338,17.72758310353293
1860,NLD,8.253227645581772,8.10711747075039,16.360345116332162
1860,POL,7.213768308118642,9.602850191969713,16.816618500088353
1860,PRT,7.255947634503852,8.294049640102028,15.549997274605879
1860,SWE,7.57095858316901,8.249052274171293,15.820010857340304
1861,BEL,8.211211361793023,8.470939806898775,16.682151168691796
1861,CHN,6.807723554891142,12.834827960864711,19.642551515755855
1861,DEU,7.833203948641057,10.503285130104382,18.33648907874544
1861,ESP,7.564966889571452,9.661352295040318,17.22631918461177
1861,FRA,7.944492163932159,10.529158567971159,18.47365073190332
1861,GBR,8.521981708148035,10.27945518985527,18.801436898003303
1861,IND,6.79794041297493,12.409462368357522,19.20740278133245
1861,ITA,7.846980982138788,10.175383172056032,18.02236415419482
1861,JPN,7.322176606635233,10.413853070469662,17.736029677104895
1861,NLD,8.225503097566918,8.113726085970747,16.339229183537665
1861,POL,7.234898420314831,9.615864747522316,16.850763167837147
1861,PRT,7.249215057114389,8.31238059678675,15.56159565390114
1861,SWE,7.5310163320779155,8.265650165580329,15.796666497658244
1862,BEL,8.230044310126114,8.478244441277663,16.708288751403778
1862,CHN,6.812552596291431,12.829658042803535,19.642210639094966
1862,DEU,7.871692664323645,10.512926984022588,18.384619648346234
1862,ESP,7.565109736715249,9.664849580263269,17.22995931697852
1862,FRA,8.02322468471667,10.532629403120161,18.55585408783683
1862,GBR,8.46884293047519,10.288783966353765,18.757626896828956
1862,IND,6.792084405920423,12.412981118271896,19.205065524192317
1862,ITA,7.876392684671106,10.181800874983809,18.058193559654914
1862,JPN,7.326954775455875,10.417537971057733,17.744492746513608
1862,NLD,8.263848131368906,8.121480374750751,16.385328506119656
1862,POL,7.226936018493289,9.62887930307492,16.85581532156821
1862,PRT,7.251514330484619,8.321907968230423,15.573422298715041
1862,SWE,7.4999765409521215,8.279443487712665,15.779420028664788
1863,BEL,8.251142139090751,8.485496104672983,16.736638243763736
1863,CHN,6.81738163769172,12.824485503974053,19.641867141665774
1863,DEU,7.933079771880415,10.523633840211582,18.456713612091995
1863,ESP,7.578838046469575,9.668334677096187,17.24717272356576
1863,FRA,8.05356916913454,10.537680590252403,18.591249759386944
1863,GBR,8.549660381553739,10.29654264056761,18.84620302212135
1863,IND,6.786228398865915,12.416503734816699,19.202732133682613
1863,ITA,7.896595391988625,10.189042363971735,18.08563775596036
1863,JPN,7.331732944276518,10.42120934298996,17.752942287266478
1863,NLD,8.282230063296685,8.130647968160584,16.412878031457268
1863,POL,7.234898420314831,9.641893858627524,16.876792278942354
1863,PRT,7.253813603854848,8.326274787396764,15.580088391251612
1863,SWE,7.542213463193403,8.29254851397576,15.834761977169162
1864,BEL,8.27664912542186,8.492695559815838,16.769344685237698
1864,CHN,6.8222106790920085,12.819315858791692,19.6415265378837
1864,DEU,7.950502434808851,10.53481251945273,18.485314954261582
1864,ESP,7.572071948131923,9.671807670199632,17.243879618331555
1864,FRA,8.06117135969092,10.541650424763313,18.602821784454235
1864,GBR,8.566935283311052,10.303672076200368,18.870607359511418
1864,IND,6.780372391811408,12.42002206000444,19.200394451815846
1864,ITA,7.879303894878564,10.196679418161507,18.07598331304007
1864,JPN,7.33651111309716,10.424867285240648,17.761378398337808
1864,NLD,8.321421586897879,8.14060704285845,16.46202862975633
1864,POL,7.258412150595307,9.654908414180127,16.913320564775432
1864,PRT,7.256112877225077,8.337109129562474,15.593222006787553
1864,SWE,7.5595594960077,8.305484017727691,15.86504351373539
1865,BEL,8.269244521183056,8.500047032581268,16.769291553764326
1865,CHN,6.827039720492298,12.81414384773498,19.641183568227277
1865,DEU,7.944846711001996,10.544156526450868,18.489003237452863
1865,ESP,7.529451052528108,9.675331459398373,17.20478251192648
1865,FRA,8.028455164114252,10.54586761604242,18.57432278015667
1865,GBR,8.581669210600602,10.311914935439406,18.893584146040006
1865,IND,6.7745163847569,12.423544141106929,19.19806052586383
1865,ITA,7.930306449330937,10.204443634218446,18.134750083549385
1865,JPN,7.341289281917802,10.42854147231275,17.76983075423055
1865,NLD,8.322880021769905,8.14902386805177,16.471903889821675
1865,POL,7.27655640271871,9.667922969732732,16.944479372451443
1865,PRT,7.258412150595307,8.343077871169383,15.60149002176469
1865,SWE,7.577121930876679,8.316789127071518,15.893911057948197
1866,BEL,8.29154650988391,8.507142855562735,16.798689365446645
1866,CHN,6.831868761892587,12.808972309353248,19.640841071245834
1866,DEU,7.945555428253489,10.550407531729755,18.495962959983245
1866,ESP,7.588046387683288,9.67884287509565,17.26688926277894
1866,FRA,8.03365842788615,10.5474444889053,18.58110291679145
1866,GBR,8.603554357064281,10.319397918505832,18.92295227557011
1866,IND,6.768660377702393,12.427061877964967,19.19572225566736
1866,ITA,7.858745167857528,10.213028959340802,18.07177412719833
1866,JPN,7.3460674507384445,10.43220220913786,17.778269659876305
1866,NLD,8.35983738064003,8.155936337972394,16.515773718612422
1866,POL,7.293017679772782,9.680937525285335,16.973955205058118
1866,PRT,7.290292882446597,8.349011198176003,15.6393040806226
1866,SWE,7.560601162768557,8.327726166461412,15.88832732922997
1867,BEL,8.289037098278483,8.514389264083503,16.803426362361986
1867,CHN,6.836697803292876,12.80380139042634,19.640499193719215
1867,DEU,7.942717540573791,10.556853863084228,18.49957140365802
1867,ESP,7.5723583078777255,9.68234200388459,17.254700311762317
1867,FRA,7.969011781106478,10.551375826690458,18.520387607796938
1867,GBR,8.598588829620232,10.327839836362775,18.926428665983007
1867,IND,6.762804370647885,12.430583261984879,19.193387632632763
1867,ITA,7.867607855115373,10.21869967166673,18.086307526782104
1867,JPN,7.350845619559086,10.43587895421668,17.786724573775764
1867,NLD,8.325306029752582,8.163371316459912,16.488677346212494
1867,POL,7.323830566202317,9.69395208083794,17.017782647040256
1867,PRT,7.313220387090301,8.35490952835879,15.668129915449093
1867,SWE,7.575071699507561,8.33758794211651,15.91265964162407
1868,BEL,8.31752199628717,8.521782643750045,16.839304640037213
1868,CHN,6.841526844693165,12.798631239977691,19.64015808467086
1868,DEU,7.994969522697877,10.56196564556078,18.556935168258658
1868,ESP,7.437658269193242,9.685828931452487,17.12348720064573
1868,FRA,8.058010800802085,10.553988158374601,18.611998959176688
1868,GBR,8.636929873018572,10.336729941643739,18.973659814662312
1868,IND,6.756948363593378,12.434104230917159,19.191052594510538
1868,ITA,7.873472974567771,10.221977646629885,18.095450621197656
1868,JPN,7.355623788379728,10.439542230347895,17.795166018727624
1868,NLD,8.331345424845724,8.172729104865471,16.504074529711197
1868,POL,7.349873704738337,9.706966636390543,17.05684034112888
1868,PRT,7.317212408359839,8.360773272144936,15.677985680504776
1868,SWE,7.480992162869525,8.331827004436057,15.812819167305582
1869,BEL,8.353497098745448,8.522976436171964,16.876473534917412
1869,CHN,6.846355886093454,12.793459230410953,19.63981511650441
1869,DEU,7.994632311431825,10.569109362031321,18.56374167346315
1869,ESP,7.471891137933319,9.68930374259339,17.161194880526708
1869,FRA,8.0702808933939,10.568492427149794,18.63877332054369
1869,GBR,8.636752426473876,10.345830888730728,18.982583315204604
1869,IND,6.75109235653887,12.437624745702877,19.188717102241746
1869,ITA,7.899448460971032,10.228501536246666,18.127949997217698
1869,JPN,7.360401957200371,10.443221281449327,17.8036232386497
1869,NLD,8.363109176033522,8.181720455128108,16.54482963116163
1869,POL,7.351799869057777,9.719981191943148,17.071781061000927
1869,PRT,7.337587743538596,8.366835309827675,15.70442305336627
1869,SWE,7.550661243105336,8.334711621820917,15.885372864926254
1870,BEL,8.364275084991524,8.536211197252,16.900486282243524
1870,CHN,6.851184927493743,12.788288265382837,19.63947319287658
1870,DEU,7.983098940710892,10.577222529574613,18.560321470285505
1870,ESP,7.499122365017249,9.692828247710418,17.191950612727666
1870,FRA,8.003028666384733,10.556853863084228,18.55988252946896
1870,GBR,8.67060073804555,10.354563171896345,19.025163909941895
1870,IND,6.745236349484363,12.441144767709657,19.18638111719402
1870,ITA,7.9467451756740966,10.235951767759802,18.1826969434339
1870,JPN,7.365180126021013,10.446886846733607,17.81206697275462
1870,NLD,8.394347361417392,8.191463051326927,16.58581041274432
1870,POL,7.362010551259734,9.732995747495751,17.095006298755486
1870,PRT,7.348587530927593,8.372629740224884,15.721217271152476
1870,SWE,7.670428522190693,8.33423142973486,16.004659951925554
1871,BEL,8.360539381370861,8.544224530467268,16.90476391183813
1871,CHN,6.849094048822013,12.791044240727905,19.640138289549917
1871,DEU,7.971085753505607,10.582941405964071,18.554027159469676
1871,ESP,7.573236954748857,9.696340374306518,17.269577329055373
1871,FRA,8.01532730902172,10.538237316715266,18.553564625736986
1871,GBR,8.665095821339733,10.363598661757617,19.02869448309735
1871,IND,6.747551366923702,12.442791632227427,19.190342999151127
1871,ITA,7.941338259429729,10.24220726169782,18.18354552112755
1871,JPN,7.369492403328913,10.452995282894463,17.822487686223376
1871,NLD,8.381144346952961,8.19863945529737,16.579783802250333
1871,POL,7.362645270417825,9.748190031906297,17.110835302324123
1871,PRT,7.304515946460155,8.378620541552298,15.683136488012453
1871,SWE,7.704811922932594,8.339500903005945,16.04431282593854
1872,BEL,8.412054873292933,8.552174160311482,16.964229033604415
1872,CHN,6.847003170150283,12.793798197453821,19.640801367604105
1872,DEU,8.032035314398824,10.588879740723007,18.62091505512183
1872,ESP,7.715554100489442,9.699840209027421,17.415394309516863
1872,FRA,8.10530751550515,10.536858189059995,18.642165704565144
1872,GBR,8.660254034256889,10.369545909419578,19.029799943676466
1872,IND,6.749866384363042,12.444435789041068,19.19430217340411
1872,ITA,7.860570785538664,10.248246785526897,18.10881757106556
1872,JPN,7.3738046806368125,10.459066632489291,17.832871313126105
1872,NLD,8.392536586816682,8.205764725234456,16.598301312051138
1872,POL,7.377133712833954,9.763384316316841,17.140518029150797
1872,PRT,7.327123292259293,8.384575666801398,15.71169895906069
1872,SWE,7.7226775164680035,8.34924780056679,16.071925317034793
1873,BEL,8.410720946905721,8.560061091643414,16.970782038549135
1873,CHN,6.844912291478552,12.796552901678226,19.641465193156776
1873,DEU,8.066521490469993,10.597059642809153,18.663581133279145
1873,ESP,7.793135817170741,9.703327837612294,17.496463654783035
1873,FRA,8.027476530860483,10.54236332431428,18.569839855174763
1873,GBR,8.672828482947686,10.379007190594631,19.051835673542318
1873,IND,6.752181401802382,12.446085113251224,19.198266515053604
1873,ITA,7.855932199718614,10.253686572872523,18.109618772591137
1873,JPN,7.3781169579447115,10.465101343134224,17.843218301078934
1873,NLD,8.412499120301572,8.207946941048617,16.620446061350187
1873,POL,7.410347097821024,9.778578600727387,17.18892569854841
1873,PRT,7.362010551259734,8.39049553837028,15.752506089630014
1873,SWE,7.7336835707759,8.360305435879093,16.093989006654994
1874,BEL,8.435332164935916,8.568076401730806,17.00340856666672
1874,CHN,6.842821412806822,12.799308326431568,19.642129739238392
1874,DEU,8.12740456269308,10.607821922486638,18.735226485179716
1874,ESP,7.702071996343363,9.706803344906337,17.4088753412497
1874,FRA,8.142645185942795,10.546498663602277,18.689143849545072
1874,GBR,8.678291111758565,10.389026137075234,19.0673172488338
1874,IND,6.754496419241721,12.447731721669635,19.202228140911355
1874,ITA,7.906547232368036,10.257834789465683,18.164382021833717
1874,JPN,7.382429235252611,10.469795185761123,17.852224421013734
1874,NLD,8.374938143835367,8.22817689595132,16.603115039786687
1874,POL,7.427738840532894,9.793772885137933,17.221511725670826
1874,PRT,7.3395376954076745,8.39638057119949,15.735918266607165
1874,SWE,7.7706452341291765,8.371010681238156,16.14165591536733
1875,BEL,8.425077902508432,8.57602797713713,17.001105879645564
1875,CHN,6.840730534135092,12.802064444948403,19.642794979083497
1875,DEU,8.121480374750751,10.618811989707426,18.740292364458178
1875,ESP,7.729231068684276,9.710327470561179,17.439558539245454
1875,FRA,8.17103418920548,10.551140381763863,18.722174570969344
1875,GBR,8.691146498539675,10.399372112432818,19.090518610972495
1875,IND,6.75681143668106,12.449375623225297,19.206187059906355
1875,ITA,7.910957382845589,10.262210398092162,18.17316778093775
1875,JPN,7.389036910579175,10.475483531531923,17.864520442111097
1875,NLD,8.430327258394575,8.239593454305968,16.669920712700545
1875,POL,7.430114138561801,9.80896716954848,17.23908130811028
1875,PRT,7.332369205929062,8.402455513945814,15.734824719874876
1875,SWE,7.734558844354756,8.380685946761574,16.11524479111633
1876,BEL,8.430109084509125,8.583916823459145,17.014025907968268
1876,CHN,6.838639655463362,12.804818483168411,19.64345813863177
1876,DEU,8.101980731853192,10.63323181522976,18.735212547082952
1876,ESP,7.759273044798335,9.713839220355712,17.473112265154047
1876,FRA,8.081165777725433,10.5557606538861,18.636926431611535
1876,GBR,8.689127655323706,10.410305154904579,19.099432810228286
1876,IND,6.7591264541204,12.451024654254892,19.210151108375292
1876,ITA,7.8868329989550565,10.2694145637968,18.156247562751858
1876,JPN,7.395644585905738,10.483270047141055,17.878914633046794
1876,NLD,8.432724034789787,8.251142139090751,16.68386617388054
1876,POL,7.457609289715606,9.824161453959023,17.281770743674628
1876,PRT,7.303843225277705,8.40827078419205,15.712114009469754
1876,SWE,7.796057974316123,8.39072252736229,16.186780501678413
1877,BEL,8.433159195806228,8.593042503699674,17.026201699505904
1877,CHN,6.836548776791632,12.807573177353353,19.644121954144985
1877,DEU,8.083637203141548,10.646234093587358,18.729871296728906
1877,ESP,7.862594494891704,9.717338680907787,17.57993317579949
1877,FRA,8.128585200374497,10.560385600420952,18.68897080079545
1877,GBR,8.686598356276965,10.421566805013427,19.108165161290394
1877,IND,6.76144147155974,12.45267097045737,19.21411244201711
1877,ITA,7.8928255262511176,10.277358789053114,18.170184315304233
1877,JPN,7.402252261232302,10.491774092479899,17.8940263537122
1877,NLD,8.444837529224097,8.264363329731667,16.709200858955764
1877,POL,7.473637108496206,9.83935573836957,17.312992846865775
1877,PRT,7.3427791893318455,8.414274137408396,15.757053326740241
1877,SWE,7.773594467360194,8.402231172946555,16.175825640306748
1878,BEL,8.452974619089586,8.601901919343192,17.05487653843278
1878,CHN,6.8344578981199025,12.81032850128725,19.644786399407153
1878,DEU,8.117312461601975,10.658341122532052,18.775653584134027
1878,ESP,7.820848937598833,9.721785803621579,17.54263474122041
1878,FRA,8.11162807830774,10.56522146239033,18.676849540698072
1878,GBR,8.679141958402255,10.432113800927626,19.11125575932988
1878,IND,6.763756488999079,12.454314580756973,19.218071069756054
1878,ITA,7.917536353943631,10.283703226390841,18.201239580334473
1878,JPN,7.408859936558866,10.499986158040269,17.908846094599134
1878,NLD,8.441822884391462,8.251663923605589,16.69348680799705
1878,POL,7.495541943884256,9.854550022780115,17.350091966664372
1878,PRT,7.337587743538596,8.420241665339788,15.757829408878383
1878,SWE,7.736743682453495,8.413608875159667,16.15035255761316
1879,BEL,8.454040376410969,8.61104776688786,17.06508814329883
1879,CHN,6.832367019448172,12.813084428954447,19.645451448402618
1879,DEU,8.081475040137052,10.67016396638419,18.75163900652124
1879,ESP,7.746525474151807,9.727227587120769,17.473753061272575
1879,FRA,8.043342170441608,10.568980865314236,18.612323035755843
1879,GBR,8.66319648553608,10.443017244430473,19.106213729966555
1879,IND,6.7660715064384185,12.455963282923932,19.22203478936235
1879,ITA,7.920446505142607,10.289599932128478,18.210046437271085
1879,JPN,7.415467611885429,10.506627965308457,17.922095577193886
1879,NLD,8.392536586816682,8.29054350077274,16.683080087589424
1879,POL,7.51479976048867,9.86974430719066,17.38454406767933
1879,PRT,7.332369205929062,8.427487278331744,15.759856484260807
1879,SWE,7.789868559054706,8.423980809694058,16.213849368748765
1880,BEL,8.494129251817686,8.61993026886735,17.114059520685036
1880,CHN,6.830276140776442,12.815838217151068,19.64611435792751
1880,DEU,8.062747901086354,10.680516217076775,18.74326411816313
1880,ESP,7.8308530268795,9.732639917815801,17.5634929446953
1880,FRA,8.12533508671429,10.572470106096775,18.697805192811067
1880,GBR,8.69901462316851,10.452273480088515,19.151288103257023
1880,IND,6.7683865238777585,12.457609271345602,19.225995795223362
1880,ITA,7.935945103353701,10.293297421033719,18.22924252438742
1880,JPN,7.422075287211992,10.513443323459292,17.935518610671284
1880,NLD,8.448057452581375,8.304742269640771,16.752799722222147
1880,POL,7.542213463193403,9.884938591601205,17.427152054794607
1880,PRT,7.31986492980897,8.435983135990694,15.755848065799665
1880,SWE,7.765993079407675,8.427706024914702,16.193699104322377
1881,BEL,8.495765244002618,8.631592731724734,17.12735797572735
1881,CHN,6.828185262104712,12.819047735046915,19.647232997151626
1881,DEU,8.07961802938984,10.688005344800624,18.767623374190464
1881,ESP,7.837833950281068,9.738082108118487,17.575916058399557
1881,FRA,8.159660737063376,10.57620240758158,18.735863144644956
1881,GBR,8.72355674269043,10.461244470986552,19.184801213676984
1881,IND,6.770701541317099,12.465968481317406,19.236670022634506
1881,ITA,7.965545573129992,10.297959119169427,18.26350469229942
1881,JPN,7.428682962538556,10.52169564643158,17.950378608970134
1881,NLD,8.454040376410969,8.313607139317558,16.767647515728527
1881,POL,7.563719668414366,9.900132876011751,17.463852544426118
1881,PRT,7.343426229147367,8.444837529224097,15.788263758371464
1881,SWE,7.8013913202914855,8.42726848388825,16.228659804179735
1882,BEL,8.51699317141357,8.643473357326567,17.160466528740137
1882,CHN,6.826094383432982,12.822255084947146,19.64834946838013
1882,DEU,8.08886878916199,10.694487133263578,18.78335592242557
1882,ESP,7.841607709132171,9.743494841225237,17.58510255035741
1882,FRA,8.20166019080868,10.57992083077393,18.78158102158261
1882,GBR,8.743372131273969,10.468971801605917,19.212343932879886
1882,IND,6.773016558756438,12.474327220315857,19.247343779072295
1882,ITA,7.977625098784593,10.30554686750946,18.283171966294052
1882,JPN,7.435290637865119,10.52980024490885,17.96509088277397
1882,NLD,8.467582690862903,8.326032685955079,16.793615376817982
1882,POL,7.589841512182657,9.915327160422295,17.505168672604952
1882,PRT,7.365812837209472,8.453401058328458,15.819213895537931
1882,SWE,7.763871287820222,8.428580533059634,16.192451820879857
1883,BEL,8.519789817263504,8.655214489313613,17.175004306577115
1883,CHN,6.824003504761252,12.825465637501457,19.64946914226271
1883,DEU,8.13622555490846,10.701084834452537,18.837310389360997
1883,ESP,7.855481910114802,9.74893679268753,17.604418702802334
1883,FRA,8.20166019080868,10.583346838769138,18.78500702957782
1883,GBR,8.74257423767064,10.475878531960273,19.218452769630915
1883,IND,6.775331576195777,12.482688714998021,19.258020291193798
1883,ITA,7.9868449011613825,10.312712251185442,18.299557152346825
1883,JPN,7.441898313191683,10.539164505941523,17.981062819133207
1883,NLD,8.527737405291909,8.338066525518801,16.86580393081071
1883,POL,7.613818684808629,9.930521444832841,17.54434012964147
1883,PRT,7.382124365737512,8.462103225098277,15.84422759083579
1883,SWE,7.836369760545124,8.431853144249223,16.268222904794346
1884,BEL,8.51699317141357,8.66681936537205,17.18381253678562
1884,CHN,6.821912626089522,12.828673963622393,19.650586589711914
1884,DEU,8.15248607578024,10.709449893714698,18.861935969494937
1884,ESP,7.858290766126348,9.754407329521975,17.612698095648323
1884,FRA,8.186185994226083,10.58731645245708,18.77350244668316
1884,GBR,8.735525185733225,10.483578010803777,19.219103196537002
1884,IND,6.777646593635117,12.491048559636223,19.268695153271338
1884,ITA,7.971776122880628,10.321078840442134,18.29285496332276
1884,JPN,7.448505988518247,10.548966439394572,17.997472427912818
1884,NLD,8.53405030848266,8.349011198176003,16.883061506658663
1884,POL,7.628517626575055,9.945715729243387,17.574233355818443
1884,PRT,7.4073177104694174,8.470730317005897,15.878048027475314
1884,SWE,7.814803429489359,8.439015410352214,16.25381883984157
1885,BEL,8.517593111437565,8.678631537293768,17.19622464873133
1885,CHN,6.819821747417791,12.83188272591411,19.6517044733319
1885,DEU,8.16961956172385,10.716282695361969,18.885902257085817
1885,ESP,7.820156571539883,9.759790377278941,17.579946948818822
1885,FRA,8.165647925297504,10.589937355648342,18.755585280945844
1885,GBR,8.721276239991704,10.491690797323463,19.212967037315167
1885,IND,6.806829360392176,12.499409946987841,19.306239307380018
1885,ITA,7.9865049385539955,10.330192163636712,18.31669710219071
1885,JPN,7.45511366384481,10.556515616499246,18.011629280344057
1885,NLD,8.544224530467268,8.360773272144936,16.904997802612204
1885,POL,7.641564441260972,9.960910013653933,17.602474454914905
1885,PRT,7.424761761823209,8.479491324232226,15.904253086055435
1885,SWE,7.8328075165248645,8.447628728030327,16.28043624455519
1886,BEL,8.522379718103538,8.685922794690725,17.208302512794262
1886,CHN,6.817730868746061,12.835091887318738,19.6528227560648
1886,DEU,8.16735198705607,10.725577489011457,18.89292947606753
1886,ESP,7.796489086491535,9.765259433252686,17.56174851974422
1886,FRA,8.179199798423086,10.593078416893297,18.772278215316383
1886,GBR,8.727454116899434,10.499931082862638,19.22738519976207
1886,IND,6.773080375655535,12.507768563742372,19.280848939397906
1886,ITA,8.008032846969307,10.337118907970643,18.34515175493995
1886,JPN,7.513099261115494,10.561577341280671,18.074676602396167
1886,NLD,8.548110294050959,8.372398606513004,16.920508900563963
1886,POL,7.645397699428633,9.976104298064477,17.621501997493112
1886,PRT,7.469083884921234,8.488176242345745,15.957260127266979
1886,SWE,7.842671474979457,8.45531778769815,16.297989262677607
1887,BEL,8.55256033525353,8.693161274238017,17.245721609491547
1887,CHN,6.815639990074331,12.838298754086669,19.653938744161
1887,DEU,8.195885391314796,10.736418414365376,18.93230380568017
1887,ESP,7.774202513701996,9.770698741272664,17.54490125497466
1887,FRA,8.184513753033722,10.593855875645637,18.778369628679357
1887,GBR,8.757469141470748,10.507748873087632,19.26521801455838
1887,IND,6.815639990074331,12.51612756883368,19.331767558908012
1887,ITA,8.033009498596668,10.343321880723835,18.376331379320504
1887,JPN,7.521604595266317,10.567875111424648,18.089479706690966
1887,NLD,8.560827228436299,8.384347278082808,16.94517450651911
1887,POL,7.643482907077201,9.991298582475023,17.634781489552225
1887,PRT,7.4821189235521155,8.496786381638575,15.97890530519069
1887,SWE,7.81237820598861,8.460834457746854,16.273212663735464
1888,BEL,8.551787836180736,8.700680734850161,17.252468571030896
1888,CHN,6.834123758253069,12.841508612425676,19.675632370678745
1888,DEU,8.224699561967235,10.748024462146892,18.97272402411413
1888,ESP,7.812831751333926,9.775654181026242,17.588485932360168
1888,FRA,8.193400231952097,10.5946327304254,18.7880329623775
1888,GBR,8.792549614177382,10.515451792270389,19.308001406447772
1888,IND,6.822197390620491,12.52449001235117,19.34668740297166
1888,ITA,8.027802848370312,10.3495506300728,18.377353478443112
1888,JPN,7.45215218991669,10.57773220059301,18.0298843905097
1888,NLD,8.562357743370612,8.39660622842712,16.95896397179773
1888,POL,7.659171367666058,10.00649286688557,17.665664234551627
1888,PRT,7.485491608030754,8.505525386548555,15.99101699457931
1888,SWE,7.828436359157585,8.464003362902119,16.292439722059704
1889,BEL,8.591558273371545,8.707978826622321,17.299537099993866
1889,CHN,6.852607526431807,12.8447187607231,19.697326287154908
1889,DEU,8.240648863374913,10.759667280669499,19.00031614404441
1889,ESP,7.8102931959889,9.780076207620894,17.590369403609795
1889,FRA,8.216358332386156,10.596734728096406,18.81309306048256
1889,GBR,8.83579236650274,10.523472467467089,19.35926483396983
1889,IND,6.792344427470809,12.532848019172523,19.32519244664333
1889,ITA,7.9966538754626075,10.356726435449133,18.35338031091174
1889,JPN,7.469958431167693,10.588804153980885,18.05876258514858
1889,NLD,8.58466490653125,8.408493774492896,16.99315868102415
1889,POL,7.6783263565068856,10.021687151296113,17.700013507803
1889,PRT,7.458186157340487,8.514188682395938,15.972374839736425
1889,SWE,7.8434564043761155,8.46821300919452,16.311669413570634
1890,BEL,8.605936401250625,8.715388097366482,17.32132449861711
1890,CHN,6.871091294610546,12.84792653170257,19.719017826313113
1890,DEU,8.261009786023827,10.770735088230952,19.031744874254777
1890,ESP,7.807760930458268,9.784535083358834,17.5922960138171
1890,FRA,8.239329427901795,10.596984671860362,18.836314099762156
1890,GBR,8.83127373772255,10.531696131937162,19.36296986965971
1890,IND,6.836259277277067,12.541208275004186,19.377467552281253
1890,ITA,7.9976631270201,10.364135049357838,18.36179817637794
1890,JPN,7.524871727443477,10.598557882657921,18.123429610101397
1890,NLD,8.532672762264625,8.419580362549237,16.95225312481386
1890,POL,7.698029170272805,10.03688143570666,17.734910605979465
1890,PRT,7.494430215031565,8.522777569710138,16.017207784741704
1890,SWE,7.8655717576847906,8.472195825485501,16.33776758317029
1891,BEL,8.59637398929068,8.726481196440007,17.32285518573069
1891,CHN,6.871917745595535,12.853120912255607,19.725038657851144
1891,DEU,8.2482674474469,10.781640185019185,19.029907632466085
1891,ESP,7.826469334517778,9.788974165747367,17.615443500265144
1891,FRA,8.262816937670928,10.596209642757977,18.859026580428903
1891,GBR,8.821879862683842,10.540117290260902,19.361997152944745
1891,IND,6.736966958001855,12.54293766214608,19.279904620147935
1891,ITA,8.01102337918644,10.370110473622386,18.381133852808826
1891,JPN,7.467220843503159,10.606089891866828,18.073310735369986
1891,NLD,8.524168805152662,8.430545384690566,16.95471418984323
1891,POL,7.711996507047669,10.044851368935678,17.756847875983347
1891,PRT,7.468513271496337,8.53070154144103,15.999214812937367
1891,SWE,7.91862865334224,8.475120414994329,16.393749068336568
1892,BEL,8.60995467149755,8.737292112544221,17.347246784041772
1892,CHN,6.872744196580524,12.858317099144422,19.731061295724945
1892,DEU,8.277920258172143,10.792057591809684,19.069977849981825
1892,ESP,7.907187024952703,9.793449447327191,17.700636472279896
1892,FRA,8.287528423111763,10.596459717781787,18.88398814089355
1892,GBR,8.787678239039497,10.54886155162439,19.336539790663885
1892,IND,6.813444599510896,12.544664063670636,19.358108663181532
1892,ITA,8.012018239159062,10.37633089597424,18.388349135133303
1892,JPN,7.5184453715528905,10.613590173745488,18.13203554529838
1892,NLD,8.543055850941965,8.440744019252831,16.983799870194794
1892,POL,7.730174795246222,10.052821302164695,17.782996097410916
1892,PRT,7.457609289715606,8.537779825024625,15.995389114740231
1892,SWE,7.905810312658931,8.477412321404392,16.383222634063323
1893,BEL,8.613775289262481,8.748304912379623,17.362080201642105
1893,CHN,6.873570647565513,12.863512334341047,19.73708298190656
1893,DEU,8.316055720364643,10.802082635874594,19.118138356239236
1893,ESP,7.863137178019441,9.797904789961063,17.661041967980502
1893,FRA,8.304247465078474,10.596984671860362,18.901232136938837
1893,GBR,8.777401286867264,10.558153746277792,19.335555033145056
1893,IND,6.836259277277067,12.546391047593815,19.38265032487088
1893,ITA,8.027476530860483,10.382915384154703,18.410391915015186
1893,JPN,7.5134058174230995,10.62135173563291,18.13475755305601
1893,NLD,8.520985989654934,8.451907724717607,16.97289371437254
1893,POL,7.745435610274381,10.060791235393712,17.806226845668093
1893,PRT,7.470224135899966,8.545002892055505,16.015227027955472
1893,SWE,7.9294865233142895,8.479698986988657,16.409185510302947
1894,BEL,8.617581365447506,8.759354748566208,17.376936114013716
1894,CHN,6.874397098550503,12.868706493429329,19.743103591979832
1894,DEU,8.328692583545568,10.813820572436036,19.142513155981604
1894,ESP,7.874460423876699,9.802340370531171,17.67680079440787
1894,FRA,8.339500903005945,10.59803375400978,18.937534657015725
1894,GBR,8.832149906002899,10.567694989198365,19.399844895201262
1894,IND,6.8501261661455,12.548118605768684,19.398244771914186
1894,ITA,8.033009498596668,10.389395288339156,18.42240478693582
1894,JPN,7.609078315331333,10.629827700451838,18.238906015783172
1894,NLD,8.565411763686711,8.464425125877582,17.029836889564294
1894,POL,7.757906208351747,10.06876116862273,17.826667376974477
1894,PRT,7.450079569807499,8.552174160311482,16.00225373011898
1894,SWE,7.934155233536322,8.486527777105353,16.420683010641675
1895,BEL,8.630164670075398,8.770128527538184,17.400293197613582
1895,CHN,6.875223549535493,12.873902018105829,19.74912556764132
1895,DEU,8.361941906144946,10.827012057472162,19.18895396361711
1895,ESP,7.857415808261751,9.806811440270668,17.66422724853242
1895,FRA,8.31752199628717,10.599081736739125,18.916603733026292
1895,GBR,8.853093836138493,10.576967596620598,19.43006143275909
1895,IND,6.824373670043086,12.549846730084305,19.374220400127392
1895,ITA,8.041412909393047,10.394793908855744,18.43620681824879
1895,JPN,7.611756059161795,10.640053353463594,18.25180941262539
1895,NLD,8.558718938244736,8.476996001664824,17.03571493990956
1895,POL,7.768110378525988,10.076731101851749,17.844841480377738
1895,PRT,7.484368643286131,8.559294367434873,16.043663010721005
1895,SWE,7.9817332866918855,8.496173824192162,16.477907110884047
1896,BEL,8.641179171197228,8.77863395266279,17.419813123860017
1896,CHN,6.876050000520482,12.87896609706285,19.755016097583333
1896,DEU,8.38206051742474,10.841755017213652,19.22381553463839
1896,ESP,7.752833564510185,9.81126260849361,17.564096173003797
1896,FRA,8.361708288575842,10.60142324982787,18.963131538403715
1896,GBR,8.88336291691676,10.58655914439847,19.46992206131523
1896,IND,6.745236349484363,12.551575412465656,19.296811761950018
1896,ITA,8.056109659545061,10.400102683833003,18.456212343378063
1896,JPN,7.551944943950682,10.650080708801699,18.202025652752383
1896,NLD,8.58653266949485,8.490027523343468,17.07656019283832
1896,POL,7.789454566086673,10.084701035080766,17.874155601167438
1896,PRT,7.491645473605133,8.566364235422688,16.05800970902782
1896,SWE,8.00736706798333,8.50532301884575,16.512690086829082
1897,BEL,8.651024539049757,8.786914938491025,17.43793947754078
1897,CHN,6.8768764515054706,12.884030043249131,19.7609064947546
1897,DEU,8.394573477868327,10.857478611593109,19.252052089461436
1897,ESP,7.810311279552309,9.815748638228122,17.62605991778043
1897,FRA,8.344505083590521,10.605297106174726,18.949802189765247
1897,GBR,8.885855993000296,10.596309680272128,19.482165673272426
1897,IND,6.911747300251674,12.553304644873558,19.465051945125232
1897,ITA,8.057694194815587,10.406623687817738,18.464317882633324
1897,JPN,7.551980554702229,10.660618412837621,18.21259896753985
1897,NLD,8.598035579260339,8.504107951867582,17.102143531127922
1897,POL,7.814803429489359,10.092670968309783,17.90747439779914
1897,PRT,7.5411524551363085,8.573573524852344,16.114725979988652
1897,SWE,8.045908742270779,8.514389264083503,16.56029800635428
1898,BEL,8.659039915644474,8.795430805040018,17.45447072068449
1898,CHN,6.87770290249046,12.88909372979111,19.76679663228157
1898,DEU,8.420682291035394,10.873375921759074,19.294058212794468
1898,ESP,7.872634913869265,9.820214633342307,17.692849547211573
1898,FRA,8.389132521348719,10.608390364106926,18.997522885455645
1898,GBR,8.922658299524402,10.606114656295205,19.528772955819605
1898,IND,6.911747300251674,12.5550308921979,19.466778192449574
1898,ITA,8.05356916913454,10.412862124034804,18.466431293169343
1898,JPN,7.711036103349927,10.672321814942407,18.383357918292333
1898,NLD,8.599878558034845,8.517793011488205,17.11767156952305
1898,POL,7.842278779117352,10.100640901538801,17.942919680656154
1898,PRT,7.5678626054638825,8.580543506917,16.148406112380883
1898,SWE,8.07961802938984,8.524367395164237,16.603985424554075
1899,BEL,8.670429167315095,8.804175018753625,17.47460418606872
1899,CHN,6.87852935347545,12.894157031747657,19.772686385223107
1899,DEU,8.440528106480752,10.889155082188104,19.329683188668856
1899,ESP,7.875741919428762,9.824660771990157,17.70040269141892
1899,FRA,8.442469645220301,10.61019241102814,19.05266205624844
1899,GBR,8.952734767106872,10.615775376623457,19.56851014373033
1899,IND,6.829793737512425,12.556761206782067,19.38655494429449
1899,ITA,8.064636475774222,10.418912582797015,18.483549058571235
1899,JPN,7.651860359003292,10.683408581878112,18.335268940881406
1899,NLD,8.60061479955531,8.531096096585228,17.13171089614054
1899,POL,7.874739125171811,10.10861083476782,17.98334995993963
1899,PRT,7.596392304064196,8.58783803098557,16.184230335049765
1899,SWE,8.104099056143582,8.533066540572527,16.63716559671611
1900,BEL,8.690642169706594,8.81269461292015,17.503336782626747
1900,CHN,6.879355804460439,12.89921982609012,19.77857563055056
1900,DEU,8.467582690862903,10.903898820275577,19.37148151113848
1900,ESP,7.8907286797170535,9.829087229959878,17.71981590967693
1900,FRA,8.430327258394575,10.611474083292713,19.04180134168729
1900,GBR,8.935113740791747,10.625100705406744,19.560214446198493
1900,IND,6.86171134048073,12.558488532548523,19.420199873029254
1900,ITA,8.090708716083997,10.424421910450407,18.515130626534404
1900,JPN,7.660703499103031,10.694283086332076,18.354986585435107
1900,NLD,8.576593534697684,8.545197387825835,17.12179092252352
1900,POL,7.90100705199242,10.116580767996837,18.017587819989256
1900,PRT,7.637716432664798,8.59489469908009,16.23261113174489
1900,SWE,8.107720061910534,8.540323608805092,16.648043670715627
